index, total_training, useful_training, total_prediction, true_prediction, total_prefetch, useful_prefetch, cache_operate, cache_hit
0, 0, 0, 0, 0, 0, 0, 0, 0
1, 0, 0, 9, 3, 3, 0, 239, 0
2, 0, 0, 256, 96, 96, 23, 747, 20
3, 0, 0, 262, 100, 100, 23, 749, 20
4, 0, 0, 355, 140, 140, 29, 844, 58
5, 0, 0, 419, 175, 175, 34, 905, 86
6, 0, 0, 425, 179, 179, 34, 907, 86
7, 0, 0, 576, 245, 245, 39, 1059, 151
8, 0, 0, 585, 251, 251, 39, 1062, 151
9, 3, 3, 710, 365, 365, 42, 1220, 220
10, 3, 3, 716, 371, 371, 42, 1222, 220
11, 4, 4, 849, 504, 504, 46, 1371, 282
12, 4, 4, 855, 510, 510, 46, 1381, 290
13, 4, 4, 891, 546, 546, 46, 1411, 308
14, 4, 4, 1027, 682, 682, 53, 1540, 357
15, 4, 4, 1033, 688, 688, 53, 1542, 357
16, 4, 4, 1173, 828, 828, 59, 1696, 423
17, 4, 4, 1173, 828, 828, 59, 1698, 423
18, 7, 7, 1310, 965, 965, 62, 1858, 493
19, 7, 7, 1319, 974, 974, 62, 1861, 493
20, 7, 7, 1452, 1107, 1107, 64, 2005, 551
21, 7, 7, 1458, 1113, 1113, 64, 2015, 559
22, 7, 7, 1619, 1274, 1274, 71, 2155, 609
23, 7, 7, 1619, 1274, 1274, 71, 2172, 624
24, 7, 7, 1625, 1280, 1280, 71, 2174, 624
25, 7, 7, 1776, 1431, 1431, 79, 2330, 691
26, 7, 7, 1782, 1437, 1437, 79, 2332, 691
27, 7, 7, 1943, 1598, 1598, 88, 2490, 757
28, 7, 7, 1949, 1604, 1604, 88, 2492, 757
29, 62, 7, 2103, 1711, 1711, 94, 2629, 807
30, 65, 7, 2106, 1711, 1711, 94, 2646, 821
31, 198, 7, 2239, 1711, 1711, 94, 2788, 873
32, 198, 7, 2239, 1711, 1711, 94, 2805, 888
33, 349, 7, 2394, 1711, 1711, 94, 2946, 940
34, 349, 7, 2394, 1711, 1711, 94, 2963, 955
35, 509, 7, 2557, 1711, 1711, 94, 3104, 1004
36, 515, 7, 2563, 1711, 1711, 94, 3124, 1022
37, 524, 7, 2572, 1711, 1711, 94, 3127, 1022
38, 656, 7, 2704, 1711, 1711, 94, 3283, 1089
39, 662, 7, 2710, 1711, 1711, 94, 3285, 1089
40, 824, 7, 2872, 1711, 1711, 94, 3442, 1157
41, 830, 7, 2878, 1711, 1711, 94, 3445, 1157
42, 968, 7, 3016, 1711, 1711, 94, 3600, 1224
43, 968, 7, 3016, 1711, 1711, 94, 3603, 1224
44, 1093, 7, 3141, 1711, 1711, 94, 3746, 1277
45, 1105, 7, 3153, 1711, 1711, 94, 3764, 1291
46, 1259, 7, 3307, 1711, 1711, 94, 3900, 1342
47, 1262, 7, 3310, 1711, 1711, 94, 3917, 1356
48, 1428, 7, 3476, 1711, 1711, 94, 4062, 1412
49, 1428, 7, 3476, 1711, 1711, 94, 4062, 1412
50, 1575, 7, 3623, 1711, 1711, 94, 4216, 1475
51, 1575, 7, 3623, 1711, 0, 0, 4219, 1478
52, 1575, 7, 3623, 1711, 0, 0, 4219, 1478
53, 1575, 7, 3623, 1711, 0, 0, 4219, 1478
54, 1575, 7, 3623, 1711, 0, 0, 4219, 1478
55, 1575, 7, 3623, 1711, 0, 0, 4235, 1492
56, 1575, 7, 3623, 1711, 0, 0, 4236, 1492
57, 1575, 7, 3623, 1711, 0, 0, 4236, 1492
58, 1674, 7, 3722, 1711, 0, 0, 4334, 1529
59, 1746, 7, 3794, 1711, 0, 0, 4392, 1555
60, 1746, 7, 3794, 1711, 0, 0, 4392, 1555
61, 1746, 7, 3794, 1711, 0, 0, 4392, 1555
62, 1746, 7, 3794, 1711, 0, 0, 4392, 1555
63, 1746, 7, 3794, 1711, 0, 0, 4393, 1555
64, 1746, 7, 3794, 1711, 0, 0, 4394, 1555
65, 1746, 7, 3794, 1711, 0, 0, 4394, 1555
66, 1749, 7, 3797, 1711, 0, 0, 4395, 1555
67, 1917, 7, 3965, 1711, 0, 0, 4544, 1616
68, 1917, 7, 3965, 1711, 0, 0, 4544, 1616
69, 1917, 7, 3965, 1711, 0, 0, 4544, 1616
70, 1917, 7, 3965, 1711, 0, 0, 4545, 1616
71, 1917, 7, 3965, 1711, 0, 0, 4545, 1616
72, 1917, 7, 3965, 1711, 0, 0, 4546, 1616
73, 1920, 7, 3968, 1711, 0, 0, 4547, 1616
74, 1920, 7, 3968, 1711, 0, 0, 4547, 1616
75, 2082, 7, 4130, 1711, 0, 0, 4688, 1667
76, 2085, 7, 4133, 1711, 0, 0, 4696, 1674
77, 2085, 7, 4133, 1711, 0, 0, 4696, 1674
78, 2088, 7, 4136, 1711, 0, 0, 4697, 1674
79, 2088, 7, 4136, 1711, 0, 0, 4697, 1674
80, 2091, 7, 4139, 1711, 0, 0, 4698, 1674
81, 2094, 7, 4142, 1711, 0, 0, 4699, 1674
82, 2094, 7, 4142, 1711, 0, 0, 4699, 1674
83, 2256, 7, 4304, 1711, 0, 0, 4832, 1721
84, 2256, 7, 4304, 1711, 0, 0, 4846, 1734
85, 2256, 7, 4304, 1711, 0, 0, 4846, 1734
86, 2256, 7, 4304, 1711, 0, 0, 4846, 1734
87, 2256, 7, 4304, 1711, 0, 0, 4848, 1735
88, 2259, 7, 4307, 1711, 0, 0, 4849, 1735
89, 2262, 7, 4310, 1711, 0, 0, 4850, 1735
90, 2262, 7, 4310, 1711, 0, 0, 4850, 1735
91, 2364, 7, 4412, 1711, 0, 0, 4941, 1767
92, 2433, 7, 4481, 1711, 0, 0, 4986, 1781
93, 2433, 7, 4481, 1711, 0, 0, 4986, 1781
94, 2433, 7, 4481, 1711, 0, 0, 4986, 1781
95, 2433, 7, 4481, 1711, 0, 0, 5001, 1795
96, 2433, 7, 4481, 1711, 0, 0, 5002, 1795
97, 2433, 7, 4481, 1711, 0, 0, 5002, 1795
98, 2433, 7, 4481, 1711, 0, 0, 5002, 1795
99, 2451, 7, 4499, 1711, 0, 0, 5018, 1803
100, 2601, 7, 4649, 1711, 0, 0, 5157, 1860
101, 2604, 7, 4652, 1711, 0, 0, 5158, 1860
102, 2604, 7, 4652, 1711, 0, 0, 5158, 1860
103, 2607, 7, 4655, 1711, 0, 0, 5159, 1860
104, 2607, 7, 4655, 1711, 0, 0, 5159, 1860
105, 2610, 7, 4658, 1711, 0, 0, 5160, 1860
106, 2613, 7, 4661, 1711, 0, 0, 5161, 1860
107, 2613, 7, 4661, 1711, 0, 0, 5161, 1860
108, 2778, 7, 4826, 1711, 0, 0, 5294, 1906
109, 2784, 7, 4832, 1711, 0, 0, 5310, 1920
110, 2784, 7, 4832, 1711, 0, 0, 5310, 1920
111, 2787, 7, 4835, 1711, 0, 0, 5311, 1920
112, 2787, 7, 4835, 1711, 0, 0, 5311, 1920
113, 2790, 7, 4838, 1711, 0, 0, 5312, 1920
114, 2793, 7, 4841, 1711, 0, 0, 5313, 1920
115, 2793, 7, 4841, 1711, 0, 0, 5313, 1920
116, 2949, 7, 4997, 1711, 0, 0, 5445, 1966
117, 2949, 7, 4997, 1711, 0, 0, 5462, 1982
118, 2949, 7, 4997, 1711, 0, 0, 5463, 1982
119, 2949, 7, 4997, 1711, 0, 0, 5464, 1982
120, 2949, 7, 4997, 1711, 0, 0, 5464, 1982
121, 2949, 7, 4997, 1711, 0, 0, 5464, 1982
122, 2955, 7, 5003, 1711, 0, 0, 5466, 1982
123, 2955, 7, 5003, 1711, 0, 0, 5466, 1982
124, 2955, 7, 5003, 1711, 0, 0, 5466, 1982
125, 3123, 7, 5171, 1711, 0, 0, 5615, 2040
126, 3123, 7, 5171, 1711, 0, 0, 5628, 2052
127, 3123, 7, 5171, 1711, 0, 0, 5628, 2052
128, 3126, 7, 5174, 1711, 0, 0, 5629, 2052
129, 3129, 7, 5177, 1711, 0, 0, 5631, 2053
130, 3132, 7, 5180, 1711, 0, 0, 5632, 2053
131, 3132, 7, 5180, 1711, 0, 0, 5632, 2053
132, 3132, 7, 5180, 1711, 0, 0, 5632, 2053
133, 3303, 7, 5351, 1711, 0, 0, 5763, 2097
134, 3306, 7, 5354, 1711, 0, 0, 5780, 2113
135, 3309, 7, 5357, 1711, 0, 0, 5781, 2113
136, 3309, 7, 5357, 1711, 0, 0, 5781, 2113
137, 3312, 7, 5360, 1711, 0, 0, 5782, 2113
138, 3312, 7, 5360, 1711, 0, 0, 5782, 2113
139, 3315, 7, 5363, 1711, 0, 0, 5783, 2113
140, 3315, 7, 5363, 1711, 0, 0, 5783, 2113
141, 3318, 7, 5366, 1711, 0, 0, 5784, 2113
142, 3495, 7, 5543, 1711, 0, 0, 5930, 2172
143, 3498, 7, 5546, 1711, 0, 0, 5931, 2172
144, 3498, 7, 5546, 1711, 0, 0, 5931, 2172
145, 3501, 7, 5549, 1711, 0, 0, 5933, 2173
146, 3501, 7, 5549, 1711, 0, 0, 5933, 2173
147, 3501, 7, 5549, 1711, 0, 0, 5933, 2173
148, 3504, 7, 5552, 1711, 0, 0, 5934, 2173
149, 3507, 7, 5555, 1711, 0, 0, 5935, 2173
150, 3507, 7, 5555, 1711, 0, 0, 5935, 2173
151, 3666, 7, 5714, 1711, 0, 0, 6086, 2236
152, 3666, 7, 5714, 1711, 0, 0, 6086, 2236
153, 3666, 7, 5714, 1711, 0, 0, 6087, 2237
154, 3666, 7, 5714, 1711, 0, 0, 6089, 2238
155, 3666, 7, 5714, 1711, 0, 0, 6089, 2238
156, 3669, 7, 5717, 1711, 0, 0, 6090, 2238
157, 3672, 7, 5720, 1711, 0, 0, 6091, 2238
158, 3672, 7, 5720, 1711, 0, 0, 6091, 2238
159, 3843, 7, 5891, 1711, 0, 0, 6233, 2288
160, 3846, 7, 5894, 1711, 0, 0, 6246, 2300
161, 3846, 7, 5894, 1711, 0, 0, 6247, 2301
162, 3849, 7, 5897, 1711, 0, 0, 6248, 2301
163, 3852, 7, 5900, 1711, 0, 0, 6249, 2301
164, 3852, 7, 5900, 1711, 0, 0, 6249, 2301
165, 3855, 7, 5903, 1711, 0, 0, 6250, 2301
166, 3855, 7, 5903, 1711, 0, 0, 6250, 2301
167, 3858, 7, 5906, 1711, 0, 0, 6251, 2301
168, 4023, 7, 6071, 1711, 0, 0, 6385, 2347
169, 4029, 7, 6077, 1711, 0, 0, 6399, 2359
170, 4029, 7, 6077, 1711, 0, 0, 6399, 2359
171, 4032, 7, 6080, 1711, 0, 0, 6400, 2359
172, 4032, 7, 6080, 1711, 0, 0, 6400, 2359
173, 4035, 7, 6083, 1711, 0, 0, 6401, 2359
174, 4035, 7, 6083, 1711, 0, 0, 6401, 2359
175, 4038, 7, 6086, 1711, 0, 0, 6402, 2359
176, 6492, 252, 8295, 1711, 0, 0, 7625, 2544
177, 10697, 1492, 11662, 1716, 5, 1, 9921, 3355
178, 11557, 1557, 13420, 1716, 5, 1, 14181, 6378
179, 12577, 1610, 14556, 1716, 5, 1, 19261, 10766
180, 13260, 1638, 15223, 1716, 5, 1, 24672, 15771
181, 13953, 1673, 15908, 1716, 5, 1, 30132, 20820
182, 14603, 1709, 16558, 1716, 5, 1, 35253, 25548
183, 15242, 1733, 17201, 1716, 5, 1, 40802, 30580
184, 15884, 1742, 17866, 1716, 5, 1, 46779, 36119
185, 16497, 1742, 18514, 1716, 5, 1, 54431, 43323
186, 16952, 1743, 18983, 1716, 5, 1, 65242, 53809
187, 17529, 1749, 19564, 1716, 5, 1, 77160, 65325
188, 17997, 1750, 20038, 1716, 5, 1, 87983, 75855
189, 18493, 1750, 20534, 1716, 5, 1, 100241, 87747
190, 18937, 1750, 20981, 1716, 5, 1, 113164, 100380
191, 19396, 1750, 21443, 1716, 5, 1, 125353, 112291
192, 19910, 1753, 21955, 1716, 5, 1, 136996, 123584
193, 20313, 1754, 22357, 1716, 5, 1, 149217, 135536
194, 20726, 1756, 22768, 1716, 5, 1, 161188, 147245
195, 21129, 1757, 23170, 1716, 5, 1, 172938, 158743
196, 21513, 1757, 23554, 1716, 5, 1, 184756, 170307
197, 21921, 1757, 23965, 1716, 5, 1, 195528, 180812
198, 22318, 1757, 24363, 1716, 5, 1, 205941, 190974
199, 22841, 1760, 24886, 1716, 5, 1, 216237, 200937
200, 23217, 1763, 25259, 1716, 5, 1, 225905, 210329
201, 23644, 1766, 25683, 1716, 5, 1, 235526, 219689
202, 24089, 1766, 26128, 1716, 5, 1, 245049, 228938
203, 24506, 1766, 26548, 1716, 5, 1, 253985, 237602
204, 25014, 1766, 27057, 1716, 5, 1, 262854, 246175
205, 25476, 1766, 27523, 1716, 5, 1, 272309, 255306
206, 25882, 1769, 27927, 1716, 5, 1, 281627, 264358
207, 26294, 1772, 28336, 1716, 5, 1, 291045, 273519
208, 26708, 1772, 28750, 1716, 5, 1, 300163, 282379
209, 27176, 1772, 29218, 1716, 5, 1, 309151, 291089
210, 27587, 1772, 29630, 1716, 5, 1, 318244, 299916
211, 28073, 1772, 30120, 1716, 5, 1, 327341, 308679
212, 28511, 1772, 30559, 1716, 5, 1, 336520, 317574
213, 28995, 1775, 31040, 1716, 5, 1, 345642, 326402
214, 29454, 1775, 31499, 1716, 5, 1, 354363, 334846
215, 29869, 1775, 31914, 1716, 5, 1, 363503, 343714
216, 30353, 1778, 32395, 1716, 5, 1, 372833, 352687
217, 31574, 1878, 33519, 1716, 5, 1, 381806, 360956
218, 42914, 3964, 44348, 1729, 18, 2, 386368, 361960
219, 45633, 5035, 46733, 1729, 18, 2, 389299, 362458
220, 46281, 5082, 48032, 1729, 18, 2, 390970, 362594
221, 47231, 5138, 49197, 1729, 18, 2, 392545, 362721
222, 48394, 5182, 50368, 1729, 18, 2, 394031, 362836
223, 49504, 5226, 51480, 1729, 18, 2, 395471, 362948
224, 50432, 5260, 52400, 1729, 18, 2, 396861, 363049
225, 51523, 5311, 53494, 1729, 18, 2, 398287, 363175
226, 52558, 5345, 54540, 1729, 18, 2, 399663, 363276
227, 53583, 5389, 55561, 1729, 18, 2, 400999, 363377
228, 54596, 5423, 56574, 1729, 18, 2, 402349, 363478
229, 55695, 5476, 57666, 1729, 18, 2, 403736, 363604
230, 56680, 5510, 58653, 1729, 18, 2, 405044, 363705
231, 57630, 5553, 59601, 1729, 18, 2, 406380, 363806
232, 58651, 5591, 60620, 1729, 18, 2, 407730, 363907
233, 63527, 6859, 64326, 1856, 145, 6, 410340, 364646
234, 85759, 23369, 86869, 21638, 19927, 162, 422339, 374453
235, 108595, 40276, 109708, 41269, 39558, 268, 434416, 384721
236, 131402, 57117, 132508, 60841, 59130, 362, 446607, 394994
237, 153305, 73357, 154798, 80361, 78650, 461, 458383, 404856
238, 175067, 89652, 175683, 99348, 97637, 563, 469549, 414769
239, 195212, 104483, 195391, 116502, 114791, 646, 479791, 423299
240, 213341, 117513, 214500, 132543, 130832, 732, 490516, 431971
241, 234649, 132828, 234953, 149784, 148073, 827, 501117, 440597
242, 255626, 147780, 255782, 167246, 165535, 914, 512558, 449970
243, 277769, 163821, 277901, 186349, 184638, 996, 524498, 459834
244, 301578, 181456, 301714, 206615, 204904, 1090, 537340, 470596
245, 325310, 198846, 326530, 228092, 226381, 1202, 551245, 482289
246, 351937, 217768, 352172, 250170, 248459, 1313, 564976, 493838
247, 376793, 235956, 377256, 272070, 270359, 1439, 578951, 505609
248, 399250, 251806, 400856, 291113, 289402, 1547, 592121, 515767
249, 422456, 268362, 423656, 310255, 308544, 1646, 604818, 526383
250, 444420, 283987, 445623, 328799, 327088, 1758, 616985, 536308
251, 466819, 300097, 467879, 347952, 346241, 1862, 629489, 546488
252, 489188, 316436, 490200, 367297, 365586, 1953, 641687, 556731
253, 512024, 332715, 512834, 386272, 384561, 2053, 653921, 566825
254, 535276, 349891, 535966, 406203, 404492, 2149, 666382, 577476
255, 558475, 366988, 559255, 426063, 424352, 2245, 678856, 587935
256, 581665, 383508, 582361, 444984, 443273, 2344, 691345, 598186
257, 604544, 399942, 605258, 464397, 462686, 2437, 703772, 608554
258, 627471, 416440, 628196, 484063, 482352, 2524, 716149, 618768
259, 650452, 433295, 651236, 504052, 502341, 2645, 728540, 629257
260, 674400, 450820, 675030, 524613, 522902, 2766, 741295, 639947
261, 698279, 468143, 698518, 544738, 543027, 2859, 753880, 650381
262, 722233, 485843, 722766, 566015, 564304, 2956, 767185, 661529
263, 745940, 503339, 746456, 586683, 584972, 3045, 779971, 672273
264, 770891, 521710, 771018, 607865, 606154, 3142, 793191, 683506
265, 795634, 540162, 795924, 629437, 627726, 3239, 806544, 694786
266, 820985, 558591, 821490, 651763, 650052, 3352, 820826, 706889
267, 846733, 577581, 847553, 674355, 672644, 3459, 835350, 718912
268, 871322, 594913, 872845, 694661, 692950, 3560, 849190, 729658
269, 894330, 611226, 895524, 713270, 711559, 3644, 861759, 739863
270, 917043, 627450, 918063, 732485, 730774, 3733, 874253, 750094
271, 939384, 643409, 940304, 751665, 749954, 3822, 886485, 760188
272, 963072, 660188, 963757, 771186, 769475, 3917, 899201, 770713
273, 987460, 678140, 987971, 792405, 790694, 4027, 912187, 781465
274, 1013331, 697511, 1013830, 815363, 813652, 4129, 926306, 793575
275, 1040916, 718156, 1041817, 840357, 838646, 4239, 942013, 807316
276, 1068748, 738410, 1069404, 864228, 862517, 4379, 957360, 820325
277, 1091860, 754374, 1093059, 883068, 881357, 4483, 970743, 830617
278, 1113318, 769840, 1114500, 901402, 899691, 4595, 982970, 840628
279, 1135614, 785308, 1136524, 919456, 917745, 4692, 995371, 850807
280, 1159962, 802759, 1160457, 939805, 938094, 4796, 1008431, 861790
281, 1187459, 822737, 1187613, 963657, 961946, 4901, 1023436, 874478
282, 1214936, 842534, 1215123, 988041, 986330, 5006, 1038849, 887607
283, 1240663, 861012, 1241500, 1010343, 1008632, 5109, 1053487, 899491
284, 1265131, 878489, 1266241, 1030146, 1028435, 5219, 1067088, 910447
285, 1287759, 894896, 1288888, 1049457, 1047746, 5323, 1079414, 920724
286, 1310927, 911625, 1311818, 1068738, 1067027, 5421, 1091873, 931186
287, 1333798, 928353, 1334602, 1088363, 1086652, 5517, 1104184, 941534
288, 1357948, 946107, 1358568, 1108782, 1107071, 5643, 1117014, 952311
289, 1383971, 965329, 1384241, 1131116, 1129405, 5755, 1130564, 963924
290, 1415335, 977049, 1417383, 1146014, 1144303, 5815, 1147694, 971707
291, 1441820, 977794, 1443392, 1146032, 1144321, 5815, 1163393, 976861
292, 1451120, 980172, 1452683, 1146089, 1144378, 5824, 1180076, 992519
293, 1461114, 982653, 1462652, 1146166, 1144455, 5826, 1197399, 1008805
294, 1470445, 984880, 1472035, 1146216, 1144505, 5826, 1213968, 1024323
295, 1479869, 987147, 1481438, 1146260, 1144549, 5826, 1230554, 1039872
296, 1487854, 989085, 1489437, 1146286, 1144575, 5828, 1246449, 1054365
297, 1496684, 991252, 1498222, 1146338, 1144627, 5829, 1262377, 1069100
298, 1504708, 993237, 1506261, 1146414, 1144703, 5831, 1277887, 1083459
299, 1513224, 995291, 1514796, 1146461, 1144750, 5832, 1293643, 1098265
300, 1521597, 997276, 1523180, 1146590, 1144879, 5852, 1308622, 1112083
301, 1530817, 999504, 1532418, 1146621, 1144910, 5855, 1325230, 1127725
302, 1538220, 1001369, 1539766, 1146776, 1145065, 5864, 1341692, 1143250
303, 1546961, 1003504, 1548518, 1146866, 1145155, 5870, 1357383, 1157922
304, 1555991, 1005655, 1557581, 1146901, 1145190, 5870, 1373756, 1173237
305, 1564553, 1007702, 1566115, 1146934, 1145223, 5873, 1390103, 1188540
306, 1574051, 1010033, 1575611, 1146986, 1145275, 5873, 1406457, 1203852
307, 1582156, 1011990, 1583782, 1147054, 1145343, 5875, 1422012, 1218434
308, 1591568, 1014209, 1593145, 1147081, 1145370, 5875, 1438681, 1234244
309, 1600509, 1016396, 1602071, 1147113, 1145402, 5875, 1454330, 1248928
310, 1609768, 1018601, 1611296, 1147145, 1145434, 5876, 1470327, 1263853
311, 1618647, 1020761, 1620228, 1147172, 1145461, 5876, 1485964, 1278499
312, 1628114, 1023116, 1629699, 1147253, 1145542, 5877, 1502852, 1294523
313, 1637056, 1025253, 1638627, 1147351, 1145640, 5884, 1518823, 1308943
314, 1646198, 1027501, 1647756, 1147485, 1145774, 5902, 1534922, 1324039
315, 1655479, 1029772, 1657021, 1147542, 1145831, 5909, 1550927, 1339056
316, 1663831, 1031832, 1665430, 1147599, 1145888, 5910, 1566254, 1353067
317, 1670893, 1033541, 1672470, 1147652, 1145941, 5912, 1581580, 1367445
318, 1678587, 1035349, 1680175, 1147669, 1145958, 5912, 1596501, 1381629
319, 1686007, 1037148, 1687592, 1147711, 1146000, 5912, 1612189, 1396403
320, 1693152, 1038874, 1694706, 1147786, 1146075, 5915, 1627386, 1410691
321, 1702182, 1041074, 1703749, 1147827, 1146116, 5916, 1643515, 1425953
322, 1710162, 1042973, 1711756, 1147867, 1146156, 5916, 1660019, 1441507
323, 1718134, 1044831, 1719701, 1147892, 1146181, 5916, 1675950, 1456419
324, 1726223, 1046751, 1727816, 1147910, 1146199, 5917, 1691940, 1471442
325, 1734523, 1048763, 1736144, 1147946, 1146235, 5920, 1709063, 1487712
326, 1740228, 1050198, 1741794, 1148009, 1146298, 5926, 1721210, 1498875
327, 1747730, 1052055, 1749315, 1148052, 1146341, 5926, 1738594, 1515518
328, 1756893, 1054251, 1758492, 1148172, 1146461, 5937, 1754667, 1530542
329, 1763245, 1055776, 1764819, 1148217, 1146506, 5944, 1770065, 1545039
330, 1770956, 1057697, 1772533, 1148244, 1146533, 5946, 1786619, 1560857
331, 1779731, 1059805, 1781318, 1148321, 1146610, 5949, 1802945, 1576181
332, 1787074, 1061610, 1788663, 1148376, 1146665, 5949, 1819453, 1591787
333, 1795401, 1063602, 1797007, 1148389, 1146678, 5949, 1836427, 1607933
334, 1802370, 1065198, 1803978, 1148434, 1146723, 5949, 1851354, 1621856
335, 1810867, 1067274, 1812438, 1148472, 1146761, 5950, 1868983, 1638677
336, 1819705, 1069450, 1821269, 1148514, 1146803, 5951, 1885083, 1653755
337, 1828736, 1071647, 1830298, 1148541, 1146830, 5952, 1901263, 1668933
338, 1836864, 1073564, 1838498, 1148567, 1146856, 5952, 1917950, 1684679
339, 1845520, 1075667, 1847107, 1148590, 1146879, 5952, 1934873, 1700704
340, 1854773, 1077889, 1856331, 1148646, 1146935, 5959, 1950832, 1715639
341, 1863162, 1079959, 1864771, 1148753, 1147042, 5969, 1967538, 1731404
342, 1872229, 1082230, 1873838, 1148830, 1147119, 5970, 1984878, 1747904
343, 1881620, 1084491, 1883221, 1148934, 1147223, 5982, 2001262, 1763248
344, 1889611, 1086398, 1891181, 1148963, 1147252, 5984, 2017473, 1778369
345, 1897155, 1088238, 1898749, 1148985, 1147274, 5986, 2034888, 1795034
346, 1906463, 1090479, 1908038, 1149063, 1147352, 5987, 2050998, 1810035
347, 1914614, 1092373, 1916200, 1149078, 1147367, 5987, 2067768, 1825832
348, 1921930, 1094092, 1923538, 1149113, 1147402, 5987, 2084021, 1841050
349, 1931226, 1096335, 1932784, 1149161, 1147450, 5989, 2101101, 1857283
350, 1939798, 1098472, 1941357, 1149195, 1147484, 5990, 2116596, 1871760
351, 1947983, 1100444, 1949529, 1149242, 1147531, 5990, 2132345, 1886492
352, 1955449, 1102265, 1957028, 1149327, 1147616, 6003, 2147565, 1900763
353, 1964707, 1104506, 1966281, 1149349, 1147638, 6003, 2164413, 1916698
354, 1972933, 1106456, 1974488, 1149377, 1147666, 6006, 2180157, 1931487
355, 1980458, 1108277, 1982026, 1149422, 1147711, 6015, 2195682, 1945975
356, 1988678, 1110373, 1990244, 1149505, 1147794, 6017, 2212789, 1962256
357, 1997123, 1112312, 1998738, 1149535, 1147824, 6019, 2228810, 1977254
358, 2004576, 1114071, 2006148, 1149556, 1147845, 6019, 2245014, 1992517
359, 2012470, 1116000, 2014024, 1149592, 1147881, 6024, 2261304, 2008070
360, 2021185, 1118142, 2022734, 1149652, 1147941, 6026, 2276807, 2022540
361, 2027692, 1119696, 2029282, 1149676, 1147965, 6026, 2291817, 2036785
362, 2035297, 1121493, 2036892, 1149692, 1147981, 6026, 2307313, 2051505
363, 2043334, 1123408, 2044893, 1149723, 1148012, 6026, 2323447, 2066764
364, 2050003, 1125006, 2051574, 1149754, 1148043, 6026, 2339893, 2082552
365, 2059671, 1127406, 2061210, 1149784, 1148073, 6029, 2356673, 2098288
366, 2066085, 1128969, 2067670, 1149814, 1148103, 6030, 2372688, 2113503
367, 2074307, 1131061, 2075852, 1149899, 1148188, 6030, 2389653, 2129714
368, 2082669, 1133035, 2084248, 1149991, 1148280, 6046, 2405582, 2144648
369, 2090812, 1134991, 2092390, 1150089, 1148378, 6055, 2422449, 2160611
370, 2099095, 1137050, 2100621, 1150116, 1148405, 6059, 2440412, 2177840
371, 2108481, 1139366, 2110016, 1150180, 1148469, 6061, 2456820, 2193199
372, 2116332, 1141253, 2117936, 1150244, 1148533, 6063, 2473456, 2208909
373, 2124793, 1143268, 2126427, 1150267, 1148556, 6063, 2490206, 2224708
374, 2134211, 1145544, 2135834, 1150284, 1148573, 6065, 2507395, 2241024
375, 2143508, 1147790, 2145090, 1150352, 1148641, 6069, 2524023, 2256668
376, 2152088, 1149869, 2153652, 1150375, 1148664, 6069, 2540860, 2272537
377, 2161861, 1152118, 2163537, 1150397, 1148686, 6070, 2557495, 2287841
378, 2185941, 1152138, 2187975, 1150397, 1148686, 6070, 2569547, 2288010
379, 2190023, 1152138, 2192071, 1150397, 1148686, 6070, 2575766, 2288022
380, 2194115, 1152140, 2196162, 1150397, 1148686, 6070, 2581818, 2288036
381, 2197974, 1152141, 2200021, 1150397, 1148686, 6070, 2587585, 2288046
382, 2201882, 1152144, 2203928, 1150397, 1148686, 6070, 2593275, 2288055
383, 2205340, 1152145, 2207387, 1150397, 1148686, 6070, 2598334, 2288064
384, 2209780, 1152146, 2211828, 1150397, 1148686, 6070, 2604611, 2288071
385, 2220659, 1152344, 2222644, 1150397, 1148686, 6070, 2617673, 2288148
386, 2231606, 1152851, 2233513, 1150397, 1148686, 6070, 2630729, 2288329
387, 2244126, 1152942, 2246151, 1150397, 1148686, 6070, 2641150, 2288371
388, 2259062, 1152942, 2261110, 1150397, 1148686, 6070, 2648605, 2288371
389, 2273948, 1152942, 2275996, 1150397, 1148686, 6070, 2656062, 2288371
390, 2288837, 1152942, 2290885, 1150397, 1148686, 6070, 2663552, 2288371
391, 2328652, 1153110, 2330700, 1150397, 1148686, 6070, 2677998, 2288440
392, 2363197, 1153457, 2365245, 1150397, 1148686, 6070, 2690812, 2288583
393, 2372534, 1153457, 2374582, 1150397, 1148686, 6070, 2694694, 2288597
394, 2381909, 1153457, 2383957, 1150397, 1148686, 6070, 2698531, 2288612
395, 2391938, 1153457, 2393986, 1150397, 1148686, 6070, 2702685, 2288634
396, 2403674, 1153457, 2405722, 1150397, 1148686, 6070, 2707491, 2288654
397, 2421325, 1153457, 2423373, 1150397, 1148686, 6070, 2715103, 2288659
398, 2473170, 1153457, 2475218, 1150397, 1148686, 6070, 2741079, 2288659
399, 2536634, 1153568, 2538682, 1150397, 1148686, 6070, 2770899, 2288738
400, 2560712, 1154004, 2562480, 1150474, 1148763, 6070, 2783496, 2289823
401, 2580848, 1156625, 2582618, 1150615, 1148904, 6071, 2800216, 2294220
402, 2598001, 1156625, 2600049, 1150615, 1148904, 6071, 2807767, 2294224
403, 2616865, 1157089, 2618843, 1150630, 1148919, 6073, 2821288, 2294985
404, 2641789, 1157252, 2643837, 1150630, 1148919, 6073, 2834669, 2295059
405, 2663280, 1157252, 2665328, 1150630, 1148919, 6073, 2845839, 2295059
406, 2731535, 1157637, 2733583, 1150630, 1148919, 6073, 2878337, 2295323
407, 2749495, 1157637, 2751543, 1150630, 1148919, 6073, 2884661, 2295323
408, 2780384, 1158338, 2782348, 1150634, 1148923, 6074, 2897859, 2296067
409, 2801571, 1158665, 2803604, 1150634, 1148923, 6074, 2906949, 2296243
410, 2822443, 1158842, 2824487, 1150634, 1148923, 6074, 2915831, 2296333
411, 2855316, 1159008, 2857364, 1150634, 1148923, 6074, 2930084, 2296410
412, 2928724, 1159008, 2930772, 1150634, 1148923, 6074, 2967191, 2296410
413, 2962863, 1159008, 2964911, 1150634, 1148923, 6074, 2980871, 2296410
414, 3010437, 1159140, 3012432, 1150634, 1148923, 6074, 3007293, 2296498
415, 3024270, 1159239, 3026318, 1150634, 1148923, 6074, 3014725, 2296564
416, 3058422, 1160122, 3060467, 1150634, 1148923, 6074, 3029464, 2297449
417, 3082134, 1160499, 3084122, 1150634, 1148923, 6074, 3041844, 2297702
418, 3107601, 1160632, 3109649, 1150634, 1148923, 6074, 3053265, 2297821
419, 3147908, 1160635, 3149956, 1150634, 1148923, 6074, 3068022, 2297822
420, 3190564, 1164975, 3191719, 1155418, 1153707, 6129, 3086845, 2299759
421, 3228919, 1192061, 3230102, 1193801, 1192090, 6450, 3106879, 2307950
422, 3263309, 1215973, 3264494, 1228193, 1226482, 6733, 3125027, 2315277
423, 3314029, 1216419, 3316077, 1228970, 1227259, 6745, 3145985, 2315424
424, 3346568, 1217580, 3348359, 1229207, 1227496, 6749, 3165714, 2317592
425, 3369526, 1218215, 3371574, 1229207, 1227496, 6749, 3178595, 2318039
426, 3390945, 1218215, 3392993, 1229207, 1227496, 6749, 3188487, 2318039
427, 3411464, 1218215, 3413512, 1229207, 1227496, 6749, 3197689, 2318039
428, 3446119, 1218215, 3448167, 1229207, 1227496, 6749, 3210899, 2318039
429, 3470267, 1218215, 3472315, 1229207, 1227496, 6749, 3221349, 2318039
430, 3500544, 1218215, 3502592, 1229207, 1227496, 6749, 3237509, 2318039
431, 3528251, 1218225, 3530299, 1229207, 1227496, 6749, 3253851, 2318051
432, 3564373, 1220225, 3566406, 1229288, 1227577, 6750, 3269171, 2319312
433, 3586269, 1220526, 3588278, 1229288, 1227577, 6750, 3278695, 2319411
434, 3606651, 1220789, 3608696, 1229288, 1227577, 6750, 3287556, 2319503
435, 3642677, 1220825, 3644725, 1229288, 1227577, 6750, 3302559, 2319514
436, 3665911, 1220825, 3667959, 1229288, 1227577, 6750, 3312856, 2319514
437, 3700748, 1220825, 3702796, 1229288, 1227577, 6750, 3332113, 2319514
438, 3725808, 1221225, 3727856, 1229288, 1227577, 6750, 3351210, 2321417
439, 3739830, 1222686, 3741843, 1229288, 1227577, 6750, 3362354, 2322562
440, 3793747, 1224093, 3795338, 1229288, 1227577, 6750, 3405074, 2324851
441, 3797439, 1224093, 3799487, 1229288, 1227577, 6750, 3406520, 2324851
442, 3801588, 1224093, 3803636, 1229288, 1227577, 6750, 3407968, 2324851
443, 3805731, 1224093, 3807779, 1229288, 1227577, 6750, 3409414, 2324851
444, 3809883, 1224093, 3811931, 1229288, 1227577, 6750, 3410862, 2324851
445, 3814035, 1224093, 3816083, 1229288, 1227577, 6750, 3412310, 2324851
446, 3818178, 1224093, 3820226, 1229288, 1227577, 6750, 3413756, 2324851
447, 3822324, 1224093, 3824372, 1229288, 1227577, 6750, 3415204, 2324851
448, 3826470, 1224093, 3828518, 1229288, 1227577, 6750, 3416650, 2324851
449, 3830601, 1224093, 3832649, 1229288, 1227577, 6750, 3418097, 2324851
450, 3834738, 1224093, 3836786, 1229288, 1227577, 6750, 3419542, 2324851
451, 3838872, 1224093, 3840920, 1229288, 1227577, 6750, 3420990, 2324851
452, 3859344, 1224093, 3861392, 1229288, 1227577, 6750, 3428952, 2324864
453, 3887717, 1224093, 3889765, 1229288, 1227577, 6750, 3439857, 2324889
454, 3913721, 1224093, 3915769, 1229288, 1227577, 6750, 3450441, 2324909
455, 3939718, 1224093, 3941766, 1229288, 1227577, 6750, 3460902, 2324929
456, 3959590, 1224093, 3961638, 1229288, 1227577, 6750, 3468861, 2324943
457, 3965923, 1224199, 3967866, 1229288, 1227577, 6750, 3472618, 2325119
458, 3978285, 1224231, 3980333, 1229288, 1227577, 6750, 3482825, 2325157
459, 3991215, 1224265, 3993263, 1229288, 1227577, 6750, 3493373, 2325199
460, 3999914, 1224279, 4001962, 1229288, 1227577, 6750, 3498671, 2325220
461, 4006363, 1224279, 4008411, 1229288, 1227577, 6750, 3500933, 2325223
462, 4012333, 1224279, 4014381, 1229288, 1227577, 6750, 3503024, 2325228
463, 4017250, 1224279, 4019298, 1229288, 1227577, 6750, 3504751, 2325230
464, 4027473, 1226376, 4029438, 1229289, 1227578, 6750, 3513177, 2327309
465, 4040121, 1229143, 4042082, 1229289, 1227578, 6750, 3523892, 2329892
466, 4054909, 1230987, 4056957, 1229309, 1227598, 6752, 3536630, 2331678
467, 4073156, 1230990, 4075204, 1229309, 1227598, 6752, 3553120, 2331683
468, 4109802, 1231071, 4111850, 1229309, 1227598, 6752, 3573941, 2331812
469, 4136619, 1231071, 4138667, 1229309, 1227598, 6752, 3587399, 2331812
470, 4152846, 1231071, 4154894, 1229309, 1227598, 6752, 3597003, 2331812
471, 4166414, 1231071, 4168462, 1229309, 1227598, 6752, 3607694, 2331812
472, 4184919, 1231071, 4186967, 1229309, 1227598, 6752, 3622496, 2331812
473, 4204774, 1231071, 4206822, 1229309, 1227598, 6752, 3638483, 2331812
474, 4223404, 1231071, 4225452, 1229309, 1227598, 6752, 3653776, 2331812
475, 4240747, 1231071, 4242795, 1229309, 1227598, 6752, 3667846, 2331812
476, 4253769, 1231071, 4255817, 1229309, 1227598, 6752, 3678005, 2331812
477, 4275904, 1231071, 4277952, 1229309, 1227598, 6752, 3695571, 2331812
478, 4295521, 1231071, 4297569, 1229309, 1227598, 6752, 3711223, 2331812
479, 4312808, 1231071, 4314856, 1229309, 1227598, 6752, 3724975, 2331812
480, 4335241, 1231071, 4337289, 1229309, 1227598, 6752, 3742977, 2331813
481, 4337788, 1231071, 4339836, 1229309, 1227598, 6752, 3745348, 2331820
482, 4337788, 1231071, 4339836, 1229309, 1227598, 6752, 3745373, 2331826
483, 4337788, 1231071, 4339836, 1229309, 1227598, 6752, 3745399, 2331827
484, 4337788, 1231071, 4339836, 1229309, 1227598, 6752, 3745412, 2331827
485, 4337788, 1231071, 4339836, 1229309, 1227598, 6752, 3745438, 2331831
486, 4337788, 1231071, 4339836, 1229309, 1227598, 6752, 3745452, 2331839
487, 4366810, 1245862, 4367734, 1246851, 1245140, 6888, 3762550, 2342577
488, 4403108, 1265810, 4404034, 1272368, 1270657, 7045, 3784868, 2357666
489, 4439741, 1285945, 4440656, 1298216, 1296505, 7199, 3807352, 2372882
490, 4468607, 1299786, 4470655, 1316760, 1315049, 7300, 3824528, 2382765
491, 4488482, 1299786, 4490530, 1316760, 1315049, 7300, 3832997, 2382784
492, 4508079, 1299786, 4510127, 1316760, 1315049, 7300, 3841374, 2382805
493, 4528844, 1299786, 4530892, 1316760, 1315049, 7300, 3850063, 2382824
494, 4556991, 1299786, 4559039, 1316760, 1315049, 7300, 3860865, 2382846
495, 4586734, 1299786, 4588782, 1316760, 1315049, 7300, 3872216, 2382869
496, 4628861, 1322488, 4629673, 1350183, 1348472, 7519, 3896277, 2398168
497, 4675247, 1351322, 4676049, 1394857, 1393146, 7759, 3924585, 2418270
498, 4721868, 1380318, 4722655, 1439554, 1437843, 7998, 3952949, 2438416
499, 4746523, 1391501, 4748237, 1452130, 1450419, 8069, 3967452, 2444835
500, 4766503, 1396284, 4768257, 1452244, 1450533, 8078, 3978399, 2446611
501, 4786046, 1401069, 4787809, 1452391, 1450680, 8091, 3989054, 2448339
502, 4815721, 1407512, 4817520, 1452508, 1450797, 8103, 4001505, 2450212
503, 4849286, 1414881, 4851116, 1452602, 1450891, 8117, 4014879, 2452283
504, 4885155, 1431003, 4886086, 1467939, 1466228, 8240, 4033773, 2460812
505, 4923916, 1459626, 4924855, 1505787, 1504076, 8452, 4060030, 2478681
506, 4962962, 1488460, 4963890, 1544069, 1542358, 8661, 4086305, 2496518
507, 4989368, 1502430, 4991416, 1562530, 1560819, 8766, 4103281, 2504947
508, 5006326, 1502430, 5008374, 1562530, 1560819, 8766, 4111866, 2504978
509, 5024429, 1502430, 5026477, 1562530, 1560819, 8766, 4121021, 2504999
510, 5048469, 1502430, 5050517, 1562530, 1560819, 8766, 4131139, 2505008
511, 5078648, 1502430, 5080696, 1562530, 1560819, 8766, 4142521, 2505008
512, 5111294, 1507851, 5112218, 1568512, 1566801, 8831, 4156723, 2507985
513, 5152307, 1537864, 5153243, 1607123, 1605412, 9045, 4184155, 2526598
514, 5193734, 1567479, 5194665, 1645134, 1643423, 9257, 4211709, 2545253
515, 5225212, 1585491, 5227260, 1668320, 1666609, 9394, 4231952, 2556064
516, 5246249, 1585491, 5248297, 1668320, 1666609, 9394, 4242664, 2556084
517, 5266699, 1585491, 5268747, 1668320, 1666609, 9394, 4253085, 2556104
518, 5299995, 1585491, 5302043, 1668320, 1666609, 9394, 4265996, 2556121
519, 5333577, 1585491, 5335625, 1668320, 1666609, 9394, 4278774, 2556136
520, 5355647, 1585491, 5357695, 1668320, 1666609, 9394, 4291622, 2556230
521, 5374946, 1585491, 5376994, 1668320, 1666609, 9394, 4302941, 2556314
522, 5393427, 1585491, 5395475, 1668320, 1666609, 9394, 4313740, 2556398
523, 5463050, 1596592, 5463731, 1682569, 1680858, 9534, 4345508, 2564678
524, 5518951, 1634261, 5519650, 1737667, 1735956, 9860, 4384056, 2592793
525, 5564480, 1664832, 5565145, 1782225, 1780514, 10120, 4415473, 2615719
526, 5612591, 1696544, 5614639, 1828608, 1826897, 10392, 4449849, 2639626
527, 5632042, 1701701, 5634090, 1833262, 1831551, 10465, 4464968, 2644286
528, 5645475, 1701701, 5647523, 1833262, 1831551, 10465, 4475509, 2644289
529, 5658559, 1701701, 5660607, 1833262, 1831551, 10465, 4485774, 2644294
530, 5689691, 1707198, 5690931, 1835397, 1833686, 10541, 4512472, 2650009
531, 5719470, 1720854, 5720591, 1841771, 1840060, 10701, 4531368, 2659585
532, 5749019, 1734440, 5750193, 1847800, 1846089, 10866, 4550224, 2669192
533, 5779312, 1748260, 5780454, 1853882, 1852171, 11033, 4569529, 2679018
534, 5810975, 1762609, 5812215, 1860178, 1858467, 11193, 4589702, 2689264
535, 5842659, 1777128, 5843760, 1866600, 1864889, 11378, 4609817, 2699542
536, 5873944, 1791277, 5875136, 1872253, 1870542, 11542, 4629666, 2709643
537, 5898447, 1801590, 5900194, 1876419, 1874708, 11664, 4645923, 2716911
538, 5910789, 1803242, 5912713, 1876419, 1874708, 11664, 4654194, 2717840
539, 5923433, 1805041, 5925314, 1876419, 1874708, 11664, 4662341, 2718773
540, 5935929, 1806815, 5937758, 1876419, 1874708, 11664, 4670384, 2719693
541, 5948703, 1808556, 5950494, 1876419, 1874708, 11664, 4678674, 2720627
542, 5961148, 1810340, 5962901, 1876419, 1874708, 11664, 4686737, 2721561
543, 5973618, 1812078, 5975415, 1876419, 1874708, 11664, 4694871, 2722455
544, 5985777, 1813781, 5987677, 1876419, 1874708, 11664, 4702901, 2723339
545, 5998630, 1815597, 6000454, 1876419, 1874708, 11664, 4711137, 2724299
546, 6011157, 1817346, 6012987, 1876419, 1874708, 11664, 4719253, 2725226
547, 6032415, 1818012, 6034463, 1876419, 1874708, 11664, 4730923, 2725560
548, 6059806, 1818012, 6061854, 1876419, 1874708, 11664, 4745058, 2725560
549, 6070529, 1818012, 6072577, 1876419, 1874708, 11664, 4750658, 2725560
550, 6076233, 1818012, 6078281, 1876419, 1874708, 11664, 4753458, 2725560
551, 6081798, 1818012, 6083846, 1876419, 1874708, 11664, 4756232, 2725560
552, 6087231, 1818012, 6089279, 1876419, 1874708, 11664, 4758974, 2725561
553, 6092849, 1818012, 6094897, 1876419, 1874708, 11664, 4761770, 2725561
554, 6098512, 1818012, 6100560, 1876419, 1874708, 11664, 4764568, 2725561
555, 6104032, 1818012, 6106080, 1876419, 1874708, 11664, 4767329, 2725561
556, 6109338, 1818012, 6111386, 1876419, 1874708, 11664, 4770028, 2725561
557, 6114812, 1818012, 6116860, 1876419, 1874708, 11664, 4772776, 2725561
558, 6125101, 1818046, 6127128, 1876419, 1874708, 11664, 4778070, 2725588
559, 6140426, 1818251, 6142473, 1876419, 1874708, 11664, 4786371, 2725681
560, 6156334, 1818436, 6158335, 1876419, 1874708, 11664, 4794953, 2725770
561, 6176408, 1821896, 6177445, 1879727, 1878016, 11721, 4805648, 2726928
562, 6206225, 1841456, 6207369, 1909198, 1907487, 12048, 4823334, 2733489
563, 6234677, 1860071, 6235780, 1937035, 1935324, 12360, 4840069, 2739706
564, 6262381, 1865836, 6264420, 1945307, 1943596, 12460, 4855512, 2741675
565, 6291475, 1866405, 6293508, 1945307, 1943596, 12460, 4870460, 2741891
566, 6309161, 1866436, 6311209, 1945307, 1943596, 12460, 4881031, 2741907
567, 6330150, 1867426, 6331858, 1945409, 1943698, 12467, 4895925, 2744289
568, 6358809, 1873337, 6360558, 1945409, 1943698, 12467, 4916058, 2747786
569, 6382285, 1877641, 6384089, 1945409, 1943698, 12467, 4932406, 2750413
570, 6405108, 1883292, 6406539, 1947913, 1946202, 12513, 4947381, 2753124
571, 6430524, 1899727, 6431943, 1973242, 1971531, 12773, 4962407, 2758715
572, 6457455, 1917120, 6458899, 2000160, 1998449, 13048, 4978272, 2764619
573, 6485261, 1935089, 6486690, 2027908, 2026197, 13337, 4994678, 2770723
574, 6511674, 1952179, 6513128, 2054300, 2052589, 13603, 5010324, 2776546
575, 6533946, 1964488, 6535314, 2072182, 2070471, 13869, 5025132, 2780556
576, 6556624, 1977999, 6557931, 2093324, 2091613, 14160, 5040250, 2784924
577, 6578817, 1991181, 6580185, 2114029, 2112318, 14447, 5055035, 2789194
578, 6602133, 2004959, 6603473, 2135791, 2134080, 14747, 5070534, 2793671
579, 6627771, 2017853, 6628683, 2153545, 2151834, 14897, 5082547, 2799590
580, 6654326, 2032763, 6655279, 2176537, 2174826, 15059, 5094913, 2806492
581, 6682277, 2048274, 6683205, 2200304, 2198593, 15227, 5108072, 2813832
582, 6710941, 2064326, 6711841, 2224985, 2223274, 15401, 5121704, 2821444
583, 6738137, 2079925, 6739186, 2248144, 2246433, 15603, 5136912, 2828936
584, 6763566, 2097423, 6764597, 2273075, 2271364, 15849, 5154182, 2837144
585, 6788804, 2114736, 6789835, 2297725, 2296014, 16099, 5171300, 2845270
586, 6815006, 2132267, 6815885, 2321337, 2319626, 16347, 5189051, 2853680
587, 6841174, 2151082, 6842051, 2346563, 2344852, 16584, 5206721, 2863465
588, 6864884, 2168089, 6865728, 2369246, 2367535, 16799, 5222720, 2872313
589, 6888046, 2184742, 6888919, 2391434, 2389723, 16996, 5238389, 2880973
590, 6907435, 2198385, 6908374, 2407970, 2406259, 17187, 5252844, 2888465
591, 6927269, 2213581, 6928195, 2426554, 2424843, 17369, 5267392, 2896981
592, 6947470, 2229107, 6948390, 2445707, 2443996, 17547, 5282335, 2905735
593, 6967818, 2244484, 6968771, 2464865, 2463154, 17725, 5297307, 2914505
594, 6988409, 2260126, 6989344, 2484161, 2482450, 17913, 5312493, 2923383
595, 7006623, 2273319, 7008671, 2500370, 2498659, 18073, 5326571, 2930738
596, 7028858, 2282648, 7030183, 2507626, 2505915, 18191, 5352024, 2943456
597, 7050221, 2291492, 7051314, 2513576, 2511865, 18302, 5373528, 2955122
598, 7071710, 2295787, 7073758, 2518608, 2516897, 18352, 5396615, 2966002
599, 7098721, 2303447, 7100102, 2523693, 2521982, 18444, 5414189, 2972191
600, 7130627, 2308609, 7132200, 2529089, 2527378, 18497, 5443114, 2984847
601, 7153052, 2320300, 7154371, 2539273, 2537562, 18642, 5473685, 3003041
602, 7164278, 2320300, 7166326, 2539273, 2537562, 18642, 5477853, 3003041
603, 7176227, 2320300, 7178275, 2539273, 2537562, 18642, 5482024, 3003041
604, 7188134, 2320300, 7190182, 2539273, 2537562, 18642, 5486189, 3003041
605, 7200086, 2320300, 7202134, 2539273, 2537562, 18642, 5490358, 3003041
606, 7212032, 2320300, 7214080, 2539273, 2537562, 18642, 5494525, 3003041
607, 7223972, 2320300, 7226020, 2539273, 2537562, 18642, 5498695, 3003041
608, 7236663, 2320300, 7238711, 2539273, 2537562, 18642, 5503180, 3003041
609, 7249565, 2320300, 7251613, 2539273, 2537562, 18642, 5507721, 3003041
610, 7262473, 2320300, 7264521, 2539273, 2537562, 18642, 5512268, 3003041
611, 7275404, 2320300, 7277452, 2539273, 2537562, 18642, 5516814, 3003041
612, 7288305, 2320300, 7290353, 2539273, 2537562, 18642, 5521358, 3003041
613, 7301198, 2320300, 7303246, 2539273, 2537562, 18642, 5525905, 3003041
614, 7319717, 2320300, 7321765, 2539273, 2537562, 18642, 5532515, 3003095
615, 7338195, 2320300, 7340243, 2539273, 2537562, 18642, 5539086, 3003151
616, 7356628, 2320300, 7358676, 2539273, 2537562, 18642, 5545636, 3003207
617, 7375075, 2320300, 7377123, 2539273, 2537562, 18642, 5552207, 3003271
618, 7393747, 2320300, 7395795, 2539273, 2537562, 18642, 5558843, 3003327
619, 7412744, 2320300, 7414792, 2539273, 2537562, 18642, 5565601, 3003391
620, 7431882, 2320300, 7433930, 2539273, 2537562, 18642, 5572403, 3003447
621, 7450304, 2320300, 7452352, 2539273, 2537562, 18642, 5578947, 3003503
622, 7468618, 2320300, 7470666, 2539273, 2537562, 18642, 5585388, 3003519
623, 7486780, 2320300, 7488828, 2539273, 2537562, 18642, 5591722, 3003519
624, 7504973, 2320300, 7507021, 2539273, 2537562, 18642, 5598074, 3003519
625, 7522793, 2320300, 7524841, 2539273, 2537562, 18642, 5604301, 3003519
626, 7541288, 2320300, 7543336, 2539273, 2537562, 18642, 5610758, 3003519
627, 7555317, 2320300, 7557365, 2539273, 2537562, 18642, 5616485, 3003543
628, 7564312, 2320300, 7566360, 2539273, 2537562, 18642, 5622404, 3003619
629, 7576204, 2320300, 7578252, 2539273, 2537562, 18642, 5630464, 3003619
630, 7588200, 2320300, 7590248, 2539273, 2537562, 18642, 5638584, 3003619
631, 7600954, 2320300, 7603002, 2539273, 2537562, 18642, 5647517, 3003623
632, 7612476, 2320300, 7614524, 2539273, 2537562, 18642, 5655995, 3003637
633, 7624980, 2321707, 7626243, 2539989, 2538278, 18647, 5663973, 3003964
634, 7634716, 2321707, 7636764, 2539989, 2538278, 18647, 5670020, 3003964
635, 7645661, 2321707, 7647709, 2539989, 2538278, 18647, 5676284, 3003964
636, 7655949, 2321707, 7657997, 2539989, 2538278, 18647, 5682204, 3003964
637, 7667123, 2321707, 7669171, 2539989, 2538278, 18647, 5688588, 3003964
638, 7680727, 2321707, 7682775, 2539989, 2538278, 18647, 5696564, 3003964
639, 7694780, 2321707, 7696828, 2539989, 2538278, 18647, 5704773, 3003964
640, 7709738, 2321707, 7711786, 2539989, 2538278, 18647, 5712866, 3003964
641, 7723493, 2321707, 7725541, 2539989, 2538278, 18647, 5720092, 3003964
642, 7737920, 2321707, 7739968, 2539989, 2538278, 18647, 5727103, 3003964
643, 7754955, 2321707, 7757003, 2539989, 2538278, 18647, 5733933, 3003964
644, 7772773, 2321707, 7774821, 2539989, 2538278, 18647, 5741051, 3003964
645, 7783596, 2321707, 7785644, 2539989, 2538278, 18647, 5746293, 3003969
646, 7791710, 2321707, 7793758, 2539989, 2538278, 18647, 5750695, 3003976
647, 7800101, 2321707, 7802149, 2539989, 2538278, 18647, 5755217, 3003984
648, 7808589, 2321707, 7810637, 2539989, 2538278, 18647, 5759785, 3003991
649, 7816747, 2321707, 7818795, 2539989, 2538278, 18647, 5764203, 3003999
650, 7825181, 2321707, 7827229, 2539989, 2538278, 18647, 5768831, 3004006
651, 7833581, 2321707, 7835629, 2539989, 2538278, 18647, 5773358, 3004014
652, 7841952, 2321707, 7844000, 2539989, 2538278, 18647, 5777908, 3004021
653, 7851367, 2321707, 7853415, 2539989, 2538278, 18647, 5783987, 3004024
654, 7861382, 2321707, 7863430, 2539989, 2538278, 18647, 5790341, 3004029
655, 7873091, 2321707, 7875139, 2539989, 2538278, 18647, 5796560, 3004052
656, 7885377, 2321707, 7887425, 2539989, 2538278, 18647, 5803065, 3004077
657, 7898499, 2321707, 7900547, 2539989, 2538278, 18647, 5809999, 3004102
658, 7913100, 2321707, 7915148, 2539989, 2538278, 18647, 5817704, 3004129
659, 7928118, 2321707, 7930166, 2539989, 2538278, 18647, 5825637, 3004158
660, 7943284, 2321707, 7945332, 2539989, 2538278, 18647, 5834112, 3004181
661, 7960468, 2321786, 7962503, 2539989, 2538278, 18647, 5843744, 3004336
662, 7971630, 2321900, 7973666, 2539989, 2538278, 18647, 5848225, 3004547
663, 7981159, 2322006, 7983190, 2539989, 2538278, 18647, 5852083, 3004740
664, 7990744, 2322112, 7992767, 2539989, 2538278, 18647, 5855957, 3004935
665, 8001380, 2323189, 8003310, 2540605, 2538894, 18647, 5862437, 3006083
666, 8016948, 2325052, 8018737, 2540605, 2538894, 18647, 5874934, 3009381
667, 8031431, 2327991, 8033220, 2540605, 2538894, 18647, 5887143, 3012605
668, 8045850, 2331202, 8047557, 2542296, 2540585, 18668, 5896250, 3013927
669, 8061136, 2335085, 8062758, 2544553, 2542842, 18695, 5905285, 3015491
670, 8074704, 2338150, 8076384, 2546135, 2544424, 18711, 5913370, 3016765
671, 8089878, 2341919, 8091420, 2547893, 2546182, 18735, 5922096, 3018331
672, 8104303, 2345122, 8106134, 2549289, 2547578, 18751, 5930981, 3019712
673, 8124540, 2349851, 8126146, 2551370, 2549659, 18774, 5942465, 3021680
674, 8145709, 2354375, 8147317, 2552627, 2550916, 18791, 5954700, 3023685
675, 8166171, 2358619, 8167864, 2553844, 2552133, 18809, 5966704, 3025551
676, 8187661, 2363386, 8189352, 2555694, 2553983, 18829, 5979218, 3027599
677, 8221655, 2380592, 8222692, 2573882, 2572171, 19037, 6000517, 3037716
678, 8255985, 2399683, 8257180, 2595871, 2594160, 19272, 6022442, 3048926
679, 8291296, 2419073, 8292301, 2617783, 2616072, 19494, 6044691, 3060314
680, 8327249, 2439175, 8328211, 2640861, 2639150, 19727, 6067588, 3072064
681, 8362001, 2458485, 8363230, 2663494, 2661783, 19944, 6089869, 3083424
682, 8397137, 2477761, 8398140, 2684810, 2683099, 20176, 6112080, 3094779
683, 8433190, 2497808, 8434225, 2708048, 2706337, 20395, 6135119, 3106599
684, 8445776, 2503760, 8446921, 2713947, 2712236, 20511, 6157711, 3111469
685, 8464991, 2515310, 8466205, 2727758, 2726047, 20753, 6174235, 3116676
686, 8482222, 2525523, 8483247, 2739847, 2738136, 20961, 6188758, 3121178
687, 8498114, 2535124, 8499066, 2751211, 2749500, 21148, 6202195, 3125359
688, 8513239, 2544278, 8514379, 2762280, 2760569, 21345, 6215197, 3129407
689, 8544760, 2544625, 8546808, 2762769, 2761058, 21354, 6231235, 3129559
690, 8571561, 2555442, 8572879, 2772896, 2771185, 21575, 6252621, 3137082
691, 8595858, 2567172, 8597109, 2784798, 2783087, 21820, 6273087, 3145225
692, 8621753, 2579648, 8623122, 2797347, 2795636, 22078, 6294970, 3153839
693, 8644269, 2586492, 8646227, 2802228, 2800517, 22197, 6316403, 3159364
694, 8675468, 2593667, 8677444, 2804634, 2802923, 22265, 6332210, 3163688
695, 8705745, 2600809, 8707100, 2807063, 2805352, 22333, 6347270, 3167873
696, 8732607, 2606714, 8734580, 2809098, 2807387, 22389, 6361285, 3171492
697, 8763039, 2613845, 8764634, 2811485, 2809774, 22456, 6376547, 3175773
698, 8791906, 2620049, 8793448, 2813358, 2811647, 22516, 6391200, 3179548
699, 8820457, 2626734, 8822379, 2815771, 2814060, 22584, 6405855, 3183533
700, 8851064, 2633847, 8852372, 2818217, 2816506, 22654, 6421032, 3187729
701, 8879181, 2639974, 8880991, 2820201, 2818490, 22716, 6435617, 3191487
702, 8909090, 2646881, 8910991, 2822534, 2820823, 22782, 6450791, 3195641
703, 8939596, 2654094, 8940912, 2825141, 2823430, 22860, 6465972, 3199813
704, 8968024, 2660203, 8969845, 2827198, 2825487, 22918, 6480636, 3203593
705, 8996993, 2667150, 8998511, 2829506, 2827795, 22989, 6495308, 3207726
706, 8996993, 2667150, 8998511, 2829506, 2827795, 22989, 6495308, 3207726
707, 9012381, 2667150, 9014429, 2829506, 2827795, 22989, 6504366, 3207785
708, 9025720, 2667150, 9027768, 2829506, 2827795, 22989, 6511814, 3207839
709, 9037210, 2667150, 9039258, 2829506, 2827795, 22989, 6517922, 3207881
710, 9048520, 2667150, 9050568, 2829506, 2827795, 22989, 6523978, 3207923
711, 9060974, 2667150, 9063022, 2829506, 2827795, 22989, 6530375, 3207965
712, 9074236, 2667150, 9076284, 2829506, 2827795, 22989, 6537130, 3208013
713, 9087147, 2667150, 9089195, 2829506, 2827795, 22989, 6543524, 3208061
714, 9100850, 2667262, 9102849, 2829506, 2827795, 22989, 6552892, 3208495
715, 9111239, 2667345, 9113269, 2829506, 2827795, 22989, 6559516, 3208592
716, 9121515, 2667366, 9123563, 2829506, 2827795, 22989, 6566022, 3208641
717, 9132053, 2667366, 9134101, 2829506, 2827795, 22989, 6572720, 3208669
718, 9142661, 2667366, 9144709, 2829506, 2827795, 22989, 6579501, 3208701
719, 9152796, 2667366, 9154844, 2829506, 2827795, 22989, 6585910, 3208729
720, 9163351, 2667366, 9165399, 2829506, 2827795, 22989, 6592614, 3208761
721, 9173535, 2667366, 9175583, 2829506, 2827795, 22989, 6599048, 3208789
722, 9186907, 2667419, 9188955, 2829506, 2827795, 22989, 6608617, 3209170
723, 9189455, 2667666, 9191256, 2829522, 2827811, 22989, 6622888, 3210765
724, 9202971, 2667850, 9205019, 2829522, 2827811, 22989, 6630261, 3210862
725, 9217100, 2667850, 9219148, 2829522, 2827811, 22989, 6637766, 3210888
726, 9230886, 2667850, 9232934, 2829522, 2827811, 22989, 6645080, 3210915
727, 9245083, 2667850, 9247131, 2829522, 2827811, 22989, 6652573, 3210943
728, 9259453, 2667850, 9261501, 2829522, 2827811, 22989, 6660171, 3210970
729, 9275101, 2667850, 9277149, 2829522, 2827811, 22989, 6668959, 3210993
730, 9303410, 2668137, 9305230, 2829522, 2827811, 22989, 6688954, 3212077
731, 9326472, 2670482, 9328493, 2829604, 2827893, 22991, 6703214, 3214453
732, 9342848, 2670530, 9344896, 2829604, 2827893, 22991, 6710460, 3214483
733, 9357340, 2670530, 9359388, 2829604, 2827893, 22991, 6717501, 3214483
734, 9370633, 2670530, 9372681, 2829604, 2827893, 22991, 6725135, 3214483
735, 9385073, 2670530, 9387121, 2829604, 2827893, 22991, 6733397, 3214483
736, 9404615, 2670530, 9406663, 2829604, 2827893, 22991, 6742914, 3214494
737, 9425045, 2670530, 9427093, 2829604, 2827893, 22991, 6752870, 3214505
738, 9446334, 2670530, 9448382, 2829604, 2827893, 22991, 6763261, 3214516
739, 9467713, 2670530, 9469761, 2829604, 2827893, 22991, 6773692, 3214528
740, 9489945, 2670530, 9491993, 2829604, 2827893, 22991, 6784549, 3214540
741, 9507175, 2670530, 9509223, 2829604, 2827893, 22991, 6793472, 3214543
742, 9525431, 2670530, 9527479, 2829604, 2827893, 22991, 6803023, 3214543
743, 9529032, 2670530, 9531080, 2829604, 2827893, 22991, 6805250, 3214544
744, 9544751, 2680247, 9545666, 2840834, 2839123, 23085, 6814895, 3220217
745, 9584615, 2709878, 9585532, 2878535, 2876824, 23294, 6841892, 3238519
746, 9621966, 2737624, 9622898, 2913928, 2912217, 23493, 6867130, 3255610
747, 9650342, 2754412, 9652390, 2936061, 2934350, 23623, 6885556, 3265622
748, 9670210, 2754412, 9672258, 2936061, 2934350, 23623, 6895571, 3265644
749, 9689912, 2754412, 9691960, 2936061, 2934350, 23623, 6905500, 3265672
750, 9716787, 2754412, 9718835, 2936061, 2934350, 23623, 6916336, 3265692
751, 9749699, 2754412, 9751747, 2936061, 2934350, 23623, 6928804, 3265717
752, 9799230, 2762159, 9800158, 2945375, 2943664, 23731, 6949897, 3269296
753, 9832114, 2786216, 9833081, 2976759, 2975048, 23995, 6970467, 3280648
754, 9859895, 2806505, 9860770, 3003300, 3001589, 24224, 6987752, 3290203
755, 9884853, 2823615, 9886901, 3025612, 3023901, 24415, 7003443, 3298225
756, 9915465, 2826695, 9916771, 3027271, 3025560, 24468, 7017317, 3300534
757, 9932693, 2835336, 9934741, 3037034, 3035323, 24599, 7047436, 3316036
758, 9986311, 2835407, 9988359, 3037034, 3035323, 24599, 7078741, 3316081
759, 10001202, 2835407, 10003250, 3037034, 3035323, 24599, 7086192, 3316082
760, 10001202, 2835407, 10003250, 3037034, 3035323, 24599, 7086208, 3316082
761, 10023277, 2849820, 10024215, 3053956, 3052245, 24727, 7100097, 3324665
762, 10051126, 2870394, 10052047, 3080033, 3078322, 24873, 7118835, 3337363
763, 10077480, 2889926, 10078403, 3105204, 3103493, 25017, 7136596, 3349410
764, 10103469, 2909225, 10104404, 3129865, 3128154, 25158, 7154117, 3361287
765, 10125493, 2919190, 10127541, 3143115, 3141404, 25238, 7167768, 3367155
766, 10144640, 2919190, 10146688, 3143115, 3141404, 25238, 7177412, 3367176
767, 10164187, 2919190, 10166235, 3143115, 3141404, 25238, 7187271, 3367198
768, 10193210, 2919190, 10195258, 3143115, 3141404, 25238, 7198698, 3367216
769, 10224784, 2919190, 10226832, 3143115, 3141404, 25238, 7210604, 3367232
770, 10259109, 2935452, 10259998, 3163803, 3162092, 25438, 7229445, 3374972
771, 10292316, 2959678, 10293266, 3196247, 3194536, 25719, 7250656, 3386669
772, 10324755, 2983265, 10325647, 3227675, 3225964, 25987, 7271186, 3398018
773, 10343284, 2986772, 10345323, 3232428, 3230717, 26022, 7284896, 3399745
774, 10402256, 2987073, 10404304, 3232428, 3230717, 26022, 7316052, 3399931
775, 10403762, 2987408, 10405526, 3232428, 3230717, 26022, 7321265, 3400912
776, 10403762, 2987408, 10405526, 3232428, 3230717, 26022, 7321281, 3400912
777, 10438008, 3011221, 10438948, 3261532, 3259821, 26212, 7343675, 3415283
778, 10476687, 3039847, 10477636, 3298164, 3296453, 26422, 7369814, 3432969
779, 10512725, 3066645, 10513628, 3332402, 3330691, 26613, 7394136, 3449463
780, 10533385, 3071108, 10535433, 3338375, 3336664, 26652, 7405867, 3451963
781, 10553425, 3071108, 10555473, 3338375, 3336664, 26652, 7415964, 3451983
782, 10574829, 3071108, 10576877, 3338375, 3336664, 26652, 7426096, 3452002
783, 10606420, 3071108, 10608468, 3338375, 3336664, 26652, 7438012, 3452012
784, 10641766, 3073586, 10642676, 3340664, 3338953, 26690, 7452340, 3453096
785, 10675997, 3098399, 10676915, 3373967, 3372256, 26977, 7474247, 3465172
786, 10708356, 3121918, 10709289, 3405518, 3403807, 27251, 7494965, 3476608
787, 10730717, 3138167, 10731618, 3427275, 3425564, 27441, 7509416, 3484515
788, 10780919, 3138423, 10782967, 3427358, 3425647, 27443, 7540244, 3484713
789, 10804540, 3138764, 10806314, 3427366, 3425655, 27445, 7556224, 3485698
790, 10804540, 3138764, 10806314, 3427366, 3425655, 27445, 7556257, 3485699
791, 10818218, 3147165, 10819134, 3437044, 3435333, 27528, 7564593, 3490516
792, 10858010, 3176817, 10858946, 3474825, 3473114, 27735, 7591575, 3508811
793, 10894624, 3204084, 10895545, 3509823, 3508112, 27929, 7616281, 3525564
794, 10924134, 3222694, 10926182, 3534202, 3532491, 28070, 7635730, 3536727
795, 10943598, 3222694, 10945646, 3534202, 3532491, 28070, 7645547, 3536746
796, 10963350, 3222694, 10965398, 3534202, 3532491, 28070, 7655502, 3536766
797, 10990459, 3222694, 10992507, 3534202, 3532491, 28070, 7666636, 3536780
798, 11023851, 3222694, 11025899, 3534202, 3532491, 28070, 7679242, 3536790
799, 11057665, 3236069, 11058615, 3551137, 3549426, 28240, 7696997, 3543206
800, 11091213, 3260408, 11092061, 3583499, 3581788, 28513, 7718330, 3554994
801, 11123554, 3283846, 11124370, 3614753, 3613042, 28784, 7739006, 3566406
802, 11141732, 3289738, 11143780, 3622751, 3621040, 28862, 7752691, 3569293
803, 11203452, 3289889, 11205500, 3622751, 3621040, 28862, 7785751, 3569375
804, 11205461, 3290233, 11207229, 3622751, 3621040, 28862, 7791201, 3570361
805, 11205461, 3290233, 11207229, 3622751, 3621040, 28862, 7791217, 3570361
806, 11238464, 3312964, 11239425, 3650841, 3649130, 29046, 7812667, 3584059
807, 11274907, 3340107, 11275812, 3685866, 3684155, 29243, 7837332, 3600792
808, 11310119, 3366251, 11311038, 3719576, 3717865, 29427, 7861046, 3616851
809, 11332628, 3373919, 11334676, 3729681, 3727970, 29493, 7874529, 3621433
810, 11352029, 3373919, 11354077, 3729681, 3727970, 29493, 7884300, 3621452
811, 11372159, 3373919, 11374207, 3729681, 3727970, 29493, 7894366, 3621467
812, 11402602, 3373919, 11404650, 3729681, 3727970, 29493, 7905834, 3621481
813, 11436209, 3373919, 11438257, 3729681, 3727970, 29493, 7918518, 3621494
814, 11470273, 3395852, 11471074, 3757379, 3755668, 29743, 7938710, 3631624
815, 11501472, 3418688, 11502308, 3787601, 3785890, 29999, 7958454, 3642524
816, 11531011, 3440187, 11531926, 3816287, 3814576, 30249, 7977442, 3652992
817, 11555422, 3442242, 11557470, 3819060, 3817349, 30273, 7994688, 3654003
818, 11607470, 3442601, 11609235, 3819060, 3817349, 30273, 8022608, 3654139
819, 11624779, 3442603, 11626827, 3819060, 3817349, 30273, 8033995, 3654989
820, 11643688, 3442603, 11645736, 3819060, 3817349, 30273, 8042367, 3654989
821, 11649598, 3442603, 11651646, 3819060, 3817349, 30273, 8045387, 3654992
822, 11651858, 3442603, 11653906, 3819060, 3817349, 30273, 8046790, 3655000
823, 11654184, 3442603, 11656232, 3819060, 3817349, 30273, 8048218, 3655008
824, 11656523, 3442603, 11658571, 3819060, 3817349, 30273, 8049621, 3655016
825, 11658836, 3442603, 11660884, 3819060, 3817349, 30273, 8051050, 3655024
826, 11661130, 3442603, 11663178, 3819060, 3817349, 30273, 8052454, 3655032
827, 11663428, 3442603, 11665476, 3819060, 3817349, 30273, 8053853, 3655040
828, 11665674, 3442603, 11667722, 3819060, 3817349, 30273, 8055231, 3655048
829, 11668020, 3442603, 11670068, 3819060, 3817349, 30273, 8056633, 3655056
830, 11670307, 3442603, 11672355, 3819060, 3817349, 30273, 8058034, 3655064
831, 11672557, 3442603, 11674605, 3819060, 3817349, 30273, 8059412, 3655072
832, 11674822, 3442603, 11676870, 3819060, 3817349, 30273, 8060785, 3655080
833, 11677096, 3442603, 11679144, 3819060, 3817349, 30273, 8062163, 3655088
834, 11679375, 3442603, 11681423, 3819060, 3817349, 30273, 8063532, 3655092
835, 11681667, 3442603, 11683715, 3819060, 3817349, 30273, 8064935, 3655100
836, 11683854, 3442603, 11685902, 3819060, 3817349, 30273, 8066283, 3655108
837, 11686133, 3442603, 11688181, 3819060, 3817349, 30273, 8067660, 3655116
838, 11688381, 3442603, 11690429, 3819060, 3817349, 30273, 8069009, 3655124
839, 11690646, 3442603, 11692694, 3819060, 3817349, 30273, 8070382, 3655132
840, 11692868, 3442603, 11694916, 3819060, 3817349, 30273, 8071760, 3655140
841, 11695092, 3442603, 11697140, 3819060, 3817349, 30273, 8073108, 3655148
842, 11697325, 3442603, 11699373, 3819060, 3817349, 30273, 8074456, 3655156
843, 11699628, 3442603, 11701676, 3819060, 3817349, 30273, 8075809, 3655164
844, 11701878, 3442603, 11703926, 3819060, 3817349, 30273, 8077183, 3655172
845, 11704129, 3442603, 11706177, 3819060, 3817349, 30273, 8078527, 3655176
846, 11706372, 3442603, 11708420, 3819060, 3817349, 30273, 8079875, 3655184
847, 11708599, 3442603, 11710647, 3819060, 3817349, 30273, 8081253, 3655192
848, 11710863, 3442603, 11712911, 3819060, 3817349, 30273, 8082601, 3655200
849, 11713102, 3442603, 11715150, 3819060, 3817349, 30273, 8083949, 3655208
850, 11715367, 3442603, 11717415, 3819060, 3817349, 30273, 8085327, 3655216
851, 11717643, 3442603, 11719691, 3819060, 3817349, 30273, 8086675, 3655224
852, 11731569, 3444240, 11733617, 3819060, 3817349, 30273, 8098344, 3657917
853, 11753336, 3447780, 11755125, 3819062, 3817351, 30274, 8116075, 3662775
854, 11767414, 3450812, 11769239, 3819071, 3817360, 30274, 8127774, 3666001
855, 11781965, 3453704, 11784013, 3822534, 3820823, 30311, 8134686, 3667312
856, 11795959, 3453711, 11798007, 3822534, 3820823, 30311, 8140414, 3667319
857, 11810689, 3453711, 11812737, 3822534, 3820823, 30311, 8146425, 3667319
858, 11830634, 3453711, 11832682, 3822534, 3820823, 30311, 8154551, 3667319
859, 11852959, 3457240, 11854674, 3822612, 3820901, 30316, 8164934, 3668740
860, 11872413, 3461994, 11874050, 3822649, 3820938, 30319, 8174955, 3670296
861, 11891502, 3464623, 11893550, 3822672, 3820961, 30322, 8186153, 3671217
862, 11913850, 3464623, 11915898, 3822672, 3820961, 30322, 8200839, 3671280
863, 11937724, 3464623, 11939772, 3822672, 3820961, 30322, 8216589, 3671346
864, 11972052, 3483978, 11972729, 3842590, 3840879, 30556, 8242920, 3680143
865, 12013520, 3523401, 12014191, 3884052, 3882341, 31029, 8278850, 3698158
866, 12052553, 3558588, 12054601, 3921390, 3919679, 31456, 8313001, 3714230
867, 12083874, 3558588, 12085922, 3921390, 3919679, 31456, 8331842, 3714338
868, 12115802, 3558588, 12117850, 3921390, 3919679, 31456, 8351069, 3714446
869, 12133983, 3558588, 12136031, 3921390, 3919679, 31456, 8361689, 3714459
870, 12150297, 3558588, 12152345, 3921390, 3919679, 31456, 8371033, 3714459
871, 12174731, 3558588, 12176779, 3921390, 3919679, 31456, 8380426, 3714459
872, 12196756, 3558588, 12198804, 3921390, 3919679, 31456, 8389687, 3714459
873, 12216189, 3560686, 12217957, 3921390, 3919679, 31456, 8405100, 3718781
874, 12235088, 3563956, 12237067, 3921406, 3919695, 31456, 8421288, 3723006
875, 12241071, 3564436, 12242839, 3921406, 3919695, 31456, 8425832, 3724173
876, 12241071, 3564436, 12242839, 3921406, 3919695, 31456, 8425858, 3724185
877, 12241071, 3564436, 12242839, 3921406, 3919695, 31456, 8425871, 3724185
878, 12241071, 3564436, 12242839, 3921406, 3919695, 31456, 8425897, 3724186
879, 12241071, 3564436, 12242839, 3921406, 3919695, 31456, 8425910, 3724186
880, 12241071, 3564436, 12242839, 3921406, 3919695, 31456, 8425936, 3724190
881, 12241071, 3564436, 12242839, 3921406, 3919695, 31456, 8425950, 3724198
882, 12264526, 3576326, 12265480, 3935704, 3933993, 31571, 8439749, 3732682
883, 12301011, 3596363, 12301942, 3961461, 3959750, 31729, 8462201, 3747869
884, 12337662, 3616514, 12338605, 3987381, 3985670, 31884, 8484762, 3763137
885, 12369415, 3633078, 12371463, 4009468, 4007757, 32004, 8504119, 3775123
886, 12388830, 3633078, 12390878, 4009468, 4007757, 32004, 8512401, 3775143
887, 12408629, 3633078, 12410677, 4009468, 4007757, 32004, 8520833, 3775165
888, 12429215, 3633078, 12431263, 4009468, 4007757, 32004, 8529564, 3775182
889, 12457017, 3633078, 12459065, 4009468, 4007757, 32004, 8540209, 3775204
890, 12486833, 3633078, 12488881, 4009468, 4007757, 32004, 8551592, 3775228
891, 12527794, 3653329, 12528607, 4039205, 4037494, 32202, 8574281, 3788785
892, 12574126, 3682149, 12574939, 4083789, 4082078, 32444, 8602556, 3808865
893, 12620641, 3711088, 12621452, 4128510, 4126799, 32682, 8630885, 3828981
894, 12648111, 3724503, 12649821, 4145084, 4143373, 32775, 8647119, 3837064
895, 12667735, 3729251, 12669462, 4145205, 4143494, 32784, 8657856, 3838802
896, 12687517, 3734066, 12689253, 4145332, 4143621, 32796, 8668636, 3840558
897, 12715627, 3740208, 12717427, 4145448, 4143737, 32807, 8680691, 3842371
898, 12749360, 3747634, 12751053, 4145537, 4143826, 32821, 8694105, 3844461
899, 12784895, 3761992, 12785813, 4157562, 4155851, 32931, 8712025, 3851667
900, 12824149, 3790794, 12825076, 4195782, 4194071, 33142, 8738509, 3869652
901, 12862785, 3819503, 12863708, 4233729, 4232018, 33351, 8764654, 3887446
902, 12891107, 3835800, 12893155, 4255454, 4253743, 33473, 8783102, 3897308
903, 12908026, 3835800, 12910074, 4255454, 4253743, 33473, 8791657, 3897340
904, 12925972, 3835800, 12928020, 4255454, 4253743, 33473, 8800739, 3897360
905, 12949303, 3835800, 12951351, 4255454, 4253743, 33473, 8810786, 3897372
906, 12979422, 3835800, 12981470, 4255454, 4253743, 33473, 8822144, 3897372
907, 13011077, 3838848, 13012016, 4258264, 4256553, 33516, 8835092, 3898931
908, 13052899, 3869574, 13053829, 4297792, 4296081, 33740, 8862948, 3917798
909, 13094608, 3899598, 13095537, 4336152, 4334441, 33957, 8890733, 3936617
910, 13127351, 3919083, 13129399, 4361347, 4359636, 34102, 8911963, 3948429
911, 13148298, 3919083, 13150346, 4361347, 4359636, 34102, 8922635, 3948449
912, 13168982, 3919083, 13171030, 4361347, 4359636, 34102, 8933159, 3948468
913, 13201494, 3919083, 13203542, 4361347, 4359636, 34102, 8945879, 3948486
914, 13234954, 3919083, 13237002, 4361347, 4359636, 34102, 8958596, 3948500
915, 13257828, 3919083, 13259876, 4361347, 4359636, 34102, 8971597, 3948592
916, 13276878, 3919083, 13278926, 4361347, 4359636, 34102, 8982774, 3948676
917, 13295508, 3919083, 13297556, 4361347, 4359636, 34102, 8993699, 3948758
918, 13363188, 3928180, 13363894, 4372731, 4371020, 34224, 9023994, 3955578
919, 13419511, 3966168, 13420206, 4428289, 4426578, 34555, 9062809, 3983889
920, 13465058, 3996778, 13465784, 4472912, 4471201, 34818, 9094297, 4006861
921, 13514865, 4030152, 13515873, 4521736, 4520025, 35101, 9129054, 4031984
922, 13534646, 4035328, 13536694, 4526282, 4524571, 35175, 9145025, 4036652
923, 13547939, 4035328, 13549987, 4526282, 4524571, 35175, 9155452, 4036655
924, 13560816, 4035328, 13562864, 4526282, 4524571, 35175, 9165612, 4036658
925, 13591651, 4040238, 13592898, 4527795, 4526084, 35231, 9192188, 4041997
926, 13621449, 4053820, 13622676, 4533720, 4532009, 35389, 9211129, 4051559
927, 13651126, 4067347, 13652377, 4539939, 4538228, 35555, 9230016, 4061182
928, 13681329, 4081088, 13682548, 4545755, 4544044, 35714, 9249224, 4070955
929, 13713077, 4095498, 13714200, 4552364, 4550653, 35887, 9269325, 4081220
930, 13744915, 4109911, 13746103, 4558388, 4556677, 36060, 9289511, 4091476
931, 13776281, 4124042, 13777344, 4564585, 4562874, 36234, 9309317, 4101587
932, 13801674, 4134718, 13803500, 4568682, 4566971, 36365, 9326119, 4109202
933, 13814162, 4136477, 13816004, 4568682, 4566971, 36365, 9334267, 4110132
934, 13826943, 4138439, 13828824, 4568682, 4566971, 36365, 9342562, 4111106
935, 13839351, 4140208, 13841200, 4568682, 4566971, 36365, 9350553, 4111999
936, 13851939, 4141896, 13853734, 4568682, 4566971, 36365, 9358768, 4112886
937, 13864329, 4143672, 13866173, 4568682, 4566971, 36365, 9366789, 4113781
938, 13876705, 4145432, 13878454, 4568682, 4566971, 36365, 9374772, 4114694
939, 13889026, 4147241, 13890842, 4568682, 4566971, 36365, 9382883, 4115633
940, 13901723, 4148979, 13903597, 4568682, 4566971, 36365, 9391168, 4116565
941, 13914282, 4150703, 13916115, 4568682, 4566971, 36365, 9399270, 4117467
942, 13934661, 4151445, 13936709, 4568682, 4566971, 36365, 9410552, 4117850
943, 13961970, 4151445, 13964018, 4568682, 4566971, 36365, 9424591, 4117850
944, 13974065, 4151445, 13976113, 4568682, 4566971, 36365, 9430915, 4117850
945, 13979818, 4151445, 13981866, 4568682, 4566971, 36365, 9433732, 4117850
946, 13985366, 4151445, 13987414, 4568682, 4566971, 36365, 9436497, 4117850
947, 13990842, 4151445, 13992890, 4568682, 4566971, 36365, 9439254, 4117851
948, 13996396, 4151445, 13998444, 4568682, 4566971, 36365, 9442028, 4117851
949, 14002101, 4151445, 14004149, 4568682, 4566971, 36365, 9444842, 4117851
950, 14007621, 4151445, 14009669, 4568682, 4566971, 36365, 9447597, 4117851
951, 14012946, 4151445, 14014994, 4568682, 4566971, 36365, 9450311, 4117851
952, 14018364, 4151445, 14020412, 4568682, 4566971, 36365, 9453036, 4117851
953, 14028210, 4151454, 14030251, 4568682, 4566971, 36365, 9458058, 4117859
954, 14043615, 4151663, 14045644, 4568682, 4566971, 36365, 9466385, 4117959
955, 14059676, 4151808, 14061700, 4568682, 4566971, 36365, 9475061, 4118029
956, 14079157, 4154466, 14080273, 4570910, 4569199, 36409, 9485428, 4118954
957, 14109255, 4174265, 14110418, 4600621, 4598910, 36739, 9503202, 4125556
958, 14137842, 4192969, 14138946, 4628573, 4626862, 37050, 9520009, 4131800
959, 14165498, 4199153, 14167545, 4637484, 4635773, 37153, 9535460, 4133927
960, 14194827, 4199717, 14196856, 4637484, 4635773, 37153, 9550517, 4134142
961, 14212673, 4199753, 14214721, 4637484, 4635773, 37153, 9561104, 4134159
962, 14233343, 4200556, 14235067, 4637615, 4635904, 37161, 9575753, 4136431
963, 14262138, 4206589, 14263910, 4637615, 4635904, 37161, 9596071, 4139979
964, 14285475, 4210827, 14287293, 4637615, 4635904, 37161, 9612339, 4142590
965, 14308129, 4216099, 14309544, 4639058, 4637347, 37191, 9627310, 4145205
966, 14333526, 4232534, 14334953, 4664438, 4662727, 37457, 9642345, 4150800
967, 14360380, 4249859, 14361832, 4691229, 4689518, 37730, 9658172, 4156690
968, 14388264, 4267887, 14389671, 4719029, 4717318, 38017, 9674607, 4162806
969, 14414681, 4284967, 14416131, 4745441, 4743730, 38284, 9690261, 4168631
970, 14437081, 4297427, 14438419, 4763514, 4761803, 38554, 9705091, 4172681
971, 14459715, 4310871, 14461000, 4784485, 4782774, 38842, 9720185, 4177041
972, 14482049, 4324159, 14483373, 4805343, 4803632, 39133, 9735043, 4181334
973, 14505386, 4337953, 14506762, 4827206, 4825495, 39433, 9750599, 4185832
974, 14527318, 4338673, 14529366, 4828444, 4826733, 39453, 9759712, 4186064
975, 14551128, 4338673, 14553176, 4828444, 4826733, 39453, 9768655, 4186064
976, 14575780, 4338673, 14577828, 4828444, 4826733, 39453, 9777314, 4186064
977, 14600148, 4338673, 14602196, 4828444, 4826733, 39453, 9785831, 4186064
978, 14621388, 4338673, 14623436, 4828444, 4826733, 39453, 9793229, 4186064
979, 14641752, 4338673, 14643800, 4828444, 4826733, 39453, 9800300, 4186064
980, 14661908, 4338673, 14663956, 4828444, 4826733, 39453, 9807305, 4186064
981, 14683060, 4338673, 14685108, 4828444, 4826733, 39453, 9814654, 4186064
982, 14702791, 4338673, 14704839, 4828444, 4826733, 39453, 9821505, 4186064
983, 14725705, 4338673, 14727753, 4828444, 4826733, 39453, 9829772, 4186064
984, 14749519, 4338673, 14751567, 4828444, 4826733, 39453, 9838363, 4186064
985, 14772718, 4338673, 14774766, 4828444, 4826733, 39453, 9846735, 4186064
986, 14783734, 4338673, 14785782, 4828444, 4826733, 39453, 9852390, 4186162
987, 14796858, 4341345, 14798906, 4831115, 4829404, 39481, 9859852, 4187120
988, 14807431, 4341345, 14809479, 4831115, 4829404, 39481, 9865893, 4187120
989, 14816982, 4341345, 14819030, 4831115, 4829404, 39481, 9871459, 4187120
990, 14826678, 4341345, 14828726, 4831115, 4829404, 39481, 9877064, 4187120
991, 14838954, 4341345, 14841002, 4831115, 4829404, 39481, 9884234, 4187120
992, 14853064, 4341345, 14855112, 4831115, 4829404, 39481, 9892466, 4187120
993, 14867849, 4341345, 14869897, 4831115, 4829404, 39481, 9900764, 4187120
994, 14882180, 4341345, 14884228, 4831115, 4829404, 39481, 9908232, 4187120
995, 14895543, 4341345, 14897591, 4831115, 4829404, 39481, 9915254, 4187120
996, 14912359, 4341345, 14914407, 4831115, 4829404, 39481, 9922101, 4187120
997, 14930359, 4341345, 14932407, 4831115, 4829404, 39481, 9929237, 4187120
998, 14944420, 4341345, 14946468, 4831115, 4829404, 39481, 9935401, 4187123
999, 14952379, 4341345, 14954427, 4831115, 4829404, 39481, 9939742, 4187130
1000, 14960714, 4341345, 14962762, 4831115, 4829404, 39481, 9944254, 4187137
1001, 14969052, 4341345, 14971100, 4831115, 4829404, 39481, 9948736, 4187145
1002, 14977126, 4341345, 14979174, 4831115, 4829404, 39481, 9953158, 4187152
1003, 14985689, 4341345, 14987737, 4831115, 4829404, 39481, 9957827, 4187160
1004, 14993982, 4341345, 14996030, 4831115, 4829404, 39481, 9962312, 4187167
1005, 15002573, 4341345, 15004621, 4831115, 4829404, 39481, 9967002, 4187175
1006, 15011473, 4341345, 15013521, 4831115, 4829404, 39481, 9972466, 4187180
1007, 15021180, 4341345, 15023228, 4831115, 4829404, 39481, 9979082, 4187180
1008, 15033065, 4341345, 15035113, 4831115, 4829404, 39481, 9985400, 4187203
1009, 15044976, 4341345, 15047024, 4831115, 4829404, 39481, 9991678, 4187225
1010, 15057763, 4341345, 15059811, 4831115, 4829404, 39481, 9998454, 4187252
1011, 15071811, 4341345, 15073859, 4831115, 4829404, 39481, 10005874, 4187277
1012, 15087068, 4341345, 15089116, 4831115, 4829404, 39481, 10013925, 4187306
1013, 15101927, 4341345, 15103975, 4831115, 4829404, 39481, 10021735, 4187335
1014, 15119973, 4341392, 15121999, 4831115, 4829404, 39481, 10032777, 4187423
1015, 15131662, 4341507, 15133688, 4831115, 4829404, 39481, 10037470, 4187647
1016, 15141621, 4341623, 15143654, 4831115, 4829404, 39481, 10041499, 4187852
1017, 15151026, 4341720, 15153060, 4831115, 4829404, 39481, 10045320, 4188035
1018, 15160771, 4341826, 15162796, 4831115, 4829404, 39481, 10049856, 4188216
1019, 15175970, 4344201, 15177740, 4831116, 4829405, 39481, 10062152, 4191457
1020, 15191016, 4347014, 15192954, 4831116, 4829405, 39481, 10074806, 4194680
1021, 15205858, 4350805, 15207458, 4832616, 4830905, 39499, 10084690, 4196803
1022, 15221418, 4354613, 15222886, 4834466, 4832755, 39527, 10093812, 4198399
1023, 15234650, 4357827, 15236286, 4836856, 4835145, 39550, 10101949, 4199650
1024, 15248465, 4360924, 15250185, 4837803, 4836092, 39562, 10110239, 4200992
1025, 15263865, 4364744, 15265477, 4840214, 4838503, 39590, 10119257, 4202513
1026, 15282650, 4368939, 15284151, 4841452, 4839741, 39605, 10129987, 4204323
1027, 15303687, 4373603, 15305306, 4843109, 4841398, 39623, 10142174, 4206352
1028, 15323858, 4377772, 15325606, 4844437, 4842726, 39642, 10154140, 4208217
1029, 15345434, 4382393, 15347142, 4845842, 4844131, 39660, 10166495, 4210219
1030, 15376679, 4396369, 15377884, 4859277, 4857566, 39829, 10185828, 4218244
1031, 15410570, 4415151, 15411823, 4880679, 4878968, 40043, 10207534, 4229337
1032, 15446024, 4434614, 15447009, 4902412, 4900701, 40270, 10229868, 4240761
1033, 15481873, 4454597, 15482851, 4925543, 4923832, 40494, 10252713, 4252460
1034, 15516614, 4473942, 15517866, 4947842, 4946131, 40726, 10274933, 4263809
1035, 15551958, 4493375, 15552947, 4969700, 4967989, 40945, 10297312, 4275301
1036, 15588068, 4513454, 15589109, 4992383, 4990672, 41168, 10320331, 4287072
1037, 15604469, 4521312, 15605730, 5000707, 4998996, 41273, 10344484, 4293355
1038, 15624014, 4532969, 15625155, 5014459, 5012748, 41516, 10361171, 4298734
1039, 15641621, 4543510, 15642641, 5026947, 5025236, 41734, 10376141, 4303403
1040, 15657381, 4552923, 15658605, 5038206, 5036495, 41925, 10389707, 4307579
1041, 15672960, 4562382, 15673956, 5049419, 5047708, 42107, 10402721, 4311682
1042, 15700113, 4564698, 15702161, 5052340, 5050629, 42163, 10418017, 4312703
1043, 15729558, 4573312, 15730893, 5060254, 5058543, 42340, 10438889, 4318591
1044, 15753405, 4584734, 15754754, 5071824, 5070113, 42580, 10459077, 4326584
1045, 15779052, 4597091, 15780385, 5084310, 5082599, 42835, 10480662, 4335131
1046, 15800874, 4605090, 15802828, 5091253, 5089542, 42982, 10503624, 4341620
1047, 15832061, 4612335, 15834052, 5093743, 5092032, 43060, 10519503, 4345983
1048, 15862696, 4619457, 15864265, 5096023, 5094312, 43120, 10534837, 4350282
1049, 15889375, 4625285, 15891398, 5098132, 5096421, 43182, 10548665, 4353760
1050, 15919801, 4632478, 15921558, 5100511, 5098800, 43251, 10563971, 4358082
1051, 15949364, 4639035, 15950573, 5102459, 5100748, 43307, 10578814, 4362005
1052, 15977196, 4645412, 15979172, 5104917, 5103206, 43380, 10593244, 4365815
1053, 16007802, 4652500, 16009331, 5107261, 5105550, 43443, 10608505, 4370046
1054, 16036937, 4658826, 16038478, 5109221, 5107510, 43504, 10623412, 4373959
1055, 16065826, 4665477, 16067804, 5111603, 5109892, 43577, 10638246, 4377929
1056, 16096253, 4672710, 16097683, 5114161, 5112450, 43648, 10653332, 4382105
1057, 16125338, 4679052, 16126923, 5116222, 5114511, 43710, 10668231, 4386015
1058, 16154224, 4685737, 16156200, 5118550, 5116839, 43779, 10683086, 4390025
1059, 16159779, 4687217, 16161298, 5119074, 5117363, 43794, 10685735, 4390871
1060, 16171482, 4687217, 16173530, 5119074, 5117363, 43794, 10692737, 4390918
1061, 16186104, 4687217, 16188152, 5119074, 5117363, 43794, 10701011, 4390972
1062, 16197593, 4687217, 16199641, 5119074, 5117363, 43794, 10707069, 4391014
1063, 16208829, 4687217, 16210877, 5119074, 5117363, 43794, 10713071, 4391056
1064, 16221380, 4687217, 16223428, 5119074, 5117363, 43794, 10719605, 4391104
1065, 16234539, 4687217, 16236587, 5119074, 5117363, 43794, 10726366, 4391152
1066, 16247052, 4687217, 16249100, 5119074, 5117363, 43794, 10732583, 4391194
1067, 16262659, 4687257, 16264707, 5119074, 5117363, 43794, 10742642, 4391576
1068, 16264987, 4687503, 16266789, 5119091, 5117380, 43794, 10756735, 4393171
1069, 16278241, 4687686, 16280289, 5119091, 5117380, 43794, 10763958, 4393266
1070, 16292413, 4687686, 16294461, 5119091, 5117380, 43794, 10771508, 4393294
1071, 16306104, 4687686, 16308152, 5119091, 5117380, 43794, 10778776, 4393321
1072, 16320367, 4687686, 16322415, 5119091, 5117380, 43794, 10786282, 4393347
1073, 16334840, 4687686, 16336888, 5119091, 5117380, 43794, 10793905, 4393375
1074, 16350603, 4687686, 16352651, 5119091, 5117380, 43794, 10802874, 4393397
1075, 16379306, 4688400, 16381308, 5119091, 5117380, 43794, 10823622, 4394825
1076, 16400338, 4693307, 16402029, 5120650, 5118939, 43814, 10838372, 4398110
1077, 16418749, 4697735, 16420299, 5122641, 5120930, 43838, 10849070, 4399960
1078, 16434221, 4701616, 16435813, 5125081, 5123370, 43863, 10858396, 4401501
1079, 16449832, 4705492, 16451431, 5127138, 5125427, 43887, 10867668, 4403068
1080, 16466266, 4709220, 16467823, 5128928, 5127217, 43907, 10877374, 4404625
1081, 16485258, 4713567, 16486945, 5131057, 5129346, 43933, 10888733, 4406441
1082, 16506617, 4718272, 16508283, 5132731, 5131020, 43956, 10900985, 4408460
1083, 16527756, 4723144, 16529267, 5134803, 5133092, 43977, 10913047, 4410515
1084, 16551470, 4730060, 16552742, 5139169, 5137458, 44044, 10927343, 4414105
1085, 16586006, 4748971, 16587075, 5160628, 5158917, 44276, 10949229, 4425175
1086, 16621775, 4768851, 16622396, 5182510, 5180799, 44493, 10971674, 4436835
1087, 16656549, 4787953, 16657556, 5204642, 5202931, 44719, 10994080, 4448142
1088, 16691778, 4807483, 16692849, 5226958, 5225247, 44942, 11016512, 4459605
1089, 16727913, 4827566, 16728677, 5249944, 5248233, 45173, 11039376, 4471459
1090, 16762231, 4846462, 16763360, 5271181, 5269470, 45394, 11061522, 4482645
1091, 16791665, 4862684, 16793085, 5289793, 5288082, 45579, 11084427, 4492377
1092, 16806042, 4870051, 16807252, 5297728, 5296017, 45740, 11105338, 4497382
1093, 16824977, 4881332, 16826014, 5311037, 5309326, 45969, 11121431, 4502413
1094, 16841139, 4891088, 16842299, 5322780, 5321069, 46164, 11135217, 4506677
1095, 16856548, 4900336, 16857790, 5333787, 5332076, 46359, 11148536, 4510804
1096, 16875800, 4907182, 16877848, 5342013, 5340302, 46498, 11162331, 4513779
1097, 16907865, 4909426, 16909144, 5343435, 5341724, 46544, 11179688, 4515261
1098, 16933880, 4921982, 16935233, 5356261, 5354550, 46800, 11201858, 4524033
1099, 16958585, 4933995, 16959802, 5368484, 5366773, 47047, 11222572, 4532283
1100, 16984334, 4946139, 16986014, 5380830, 5379119, 47305, 11245276, 4540733
1101, 17009833, 4952051, 17011350, 5382731, 5381020, 47363, 11264280, 4545303
1102, 17040718, 4959068, 17041931, 5385050, 5383339, 47433, 11279762, 4549441
1103, 17067628, 4965011, 17069600, 5387068, 5385357, 47486, 11293940, 4553116
1104, 17098039, 4972160, 17099425, 5389519, 5387808, 47558, 11308922, 4557291
1105, 17125720, 4978147, 17127549, 5391504, 5389793, 47620, 11323370, 4561009
1106, 17155490, 4985138, 17157263, 5393945, 5392234, 47687, 11338347, 4565153
1107, 17185512, 4991990, 17186756, 5396276, 5394565, 47756, 11353465, 4569246
1108, 17213643, 4998084, 17215666, 5398346, 5396635, 47816, 11368002, 4572948
1109, 17243834, 5005238, 17245631, 5400765, 5399054, 47886, 11383298, 4577239
1110, 17274047, 5012113, 17275253, 5403029, 5401318, 47957, 11398305, 4581298
1111, 17301903, 5018232, 17303912, 5405305, 5403594, 48021, 11412883, 4585044
1112, 17332585, 5025437, 17334431, 5407619, 5405908, 48089, 11428294, 4589337
1113, 17357128, 5029779, 17359176, 5409145, 5407434, 48136, 11440808, 4591938
1114, 17374024, 5029779, 17376072, 5409145, 5407434, 48136, 11449012, 4591998
1115, 17391740, 5029779, 17393788, 5409145, 5407434, 48136, 11457537, 4592058
1116, 17407896, 5029779, 17409944, 5409145, 5407434, 48136, 11465408, 4592112
1117, 17422712, 5029779, 17424760, 5409145, 5407434, 48136, 11472653, 4592160
1118, 17437378, 5029779, 17439426, 5409145, 5407434, 48136, 11479888, 4592214
1119, 17450885, 5029779, 17452933, 5409145, 5407434, 48136, 11486627, 4592262
1120, 17463878, 5029909, 17465887, 5409145, 5407434, 48136, 11495881, 4592708
1121, 17474330, 5029980, 17476358, 5409145, 5407434, 48136, 11502543, 4592797
1122, 17484644, 5029997, 17486692, 5409145, 5407434, 48136, 11509071, 4592839
1123, 17495148, 5029997, 17497196, 5409145, 5407434, 48136, 11515727, 4592871
1124, 17505768, 5029997, 17507816, 5409145, 5407434, 48136, 11522527, 4592903
1125, 17515913, 5029997, 17517961, 5409145, 5407434, 48136, 11528941, 4592931
1126, 17526412, 5029997, 17528460, 5409145, 5407434, 48136, 11535622, 4592963
1127, 17536485, 5029997, 17538533, 5409145, 5407434, 48136, 11541977, 4592991
1128, 17549896, 5030050, 17551944, 5409145, 5407434, 48136, 11552347, 4593368
1129, 17552848, 5030334, 17554836, 5409162, 5407451, 48136, 11566097, 4594983
1130, 17566552, 5030479, 17568600, 5409162, 5407451, 48136, 11573437, 4595063
1131, 17580748, 5030479, 17582796, 5409162, 5407451, 48136, 11580984, 4595090
1132, 17594468, 5030479, 17596516, 5409162, 5407451, 48136, 11588238, 4595117
1133, 17608702, 5030479, 17610750, 5409162, 5407451, 48136, 11595759, 4595145
1134, 17623287, 5030479, 17625335, 5409162, 5407451, 48136, 11603417, 4595171
1135, 17638989, 5030479, 17641037, 5409162, 5407451, 48136, 11612541, 4595192
1136, 17668704, 5031884, 17670501, 5409162, 5407451, 48136, 11634051, 4597353
1137, 17690564, 5033165, 17692583, 5409244, 5407533, 48138, 11646501, 4598668
1138, 17706954, 5033179, 17709002, 5409244, 5407533, 48138, 11653732, 4598682
1139, 17720967, 5033179, 17723015, 5409244, 5407533, 48138, 11660791, 4598682
1140, 17734550, 5033179, 17736598, 5409244, 5407533, 48138, 11668587, 4598682
1141, 17749686, 5033179, 17751734, 5409244, 5407533, 48138, 11676990, 4598684
1142, 17769630, 5033179, 17771678, 5409244, 5407533, 48138, 11686730, 4598694
1143, 17790450, 5033179, 17792498, 5409244, 5407533, 48138, 11696876, 4598706
1144, 17811656, 5033179, 17813704, 5409244, 5407533, 48138, 11707216, 4598717
1145, 17832732, 5033179, 17834780, 5409244, 5407533, 48138, 11717516, 4598729
1146, 17854521, 5033179, 17856569, 5409244, 5407533, 48138, 11728157, 4598741
1147, 17871711, 5033179, 17873759, 5409244, 5407533, 48138, 11737128, 4598742
1148, 17889776, 5033179, 17891824, 5409244, 5407533, 48138, 11746578, 4598742
1149, 17891026, 5033179, 17893074, 5409244, 5407533, 48138, 11747583, 4598743
1150, 17912626, 5047266, 17913538, 5426089, 5424378, 48264, 11761158, 4607087
1151, 17952175, 5076659, 17953088, 5463416, 5461705, 48473, 11787950, 4625244
1152, 17989198, 5104253, 17990127, 5498780, 5497069, 48672, 11813034, 4642263
1153, 18015021, 5116988, 18017069, 5515719, 5514008, 48772, 11829268, 4649822
1154, 18035359, 5116988, 18037407, 5515719, 5514008, 48772, 11839492, 4649846
1155, 18054621, 5116988, 18056669, 5515719, 5514008, 48772, 11849229, 4649873
1156, 18083889, 5116988, 18085937, 5515719, 5514008, 48772, 11860620, 4649893
1157, 18116426, 5116988, 18118474, 5515719, 5514008, 48772, 11872924, 4649921

